product_id,product_name,category,subcategory,unit_price,cost_price,supplier_id,stock_quantity,product_launch_date
PROD_0001,Accessories Elite 622,Electroniks,Accessories,442.9757309470174,328.5820017171818,SUP_39,728,2023-06-08
PROD_0002,Accessories Max 894,Electronics,Accessories,345.6674896311067,188.70165223407986,SUP_50,631,2023-01-04
PROD_0003,Smartphones Standard 459,Electronics,Smartphones,682.3274548841543,284.73182506172185,SUP_40,950,2022-02-26
PROD_0004,Water Sports Basic 938,Sports,Water Sports,461.21669858241785,245.72032308360235,,905,2023-05-27
PROD_0005,Accessories Basic 934,Electronics,Accessories,887.9415232135162,443.64919469640773,SUP_26,174,2023-08-04
PROD_0006,Puzzles Max 341,Toys,Puzzles,378.7413549621974,269.8299149911011,SUP_50,22,2022-06-20
PROD_0007,Decor Pro 249,Home & Garden,Decor,284.182451072918,226.10575925659919,SUP_21,724,2023-01-12
PROD_0008,Decor Standard 302,Home & Garden,Decor,279.82842067883627,208.19787034410686,SUP_2,916,2022-06-11
PROD_0009,Laptops Max 716,Electronics,Laptops,574.6148816085944,290.4896021223982,SUP_41,234,2022-09-19
PROD_0010,Fitness Max 878,Sports,Fitness,534.6322743270284,403.94871990643986,SUP_18,12,2022-04-16
PROD_0011,Water Sports Basic 177,Sports,Water Sports,462.4191631990573,273.8167302865859,SUP_29,100,2023-08-11
PROD_0012,Board Games Max 891,Toys,Board Games,640.0540793073027,334.2110357894653,SUP_32,928,2023-11-22
PROD_0013,Smartphones Basic 605,Electroniks,Smartphones,633.583981824616,371.54932578419726,SUP_15,535,2022-04-29
PROD_0014,Kitchen Lite 872,home & garden,Kitchen,374.22288866748704,264.8823738405786,SUP_23,875,2022-08-22
PROD_0015,Fitness Elite 878,,Fitness,340.96677191766,219.14035776088355,,522,2023-06-06
PROD_0016,Smartphones Elite 559,Electronics,Smartphones,1057.953156643081,439.56603515260025,SUP_25,784,2022-01-03
PROD_0017,Fitness Basic 678,Sports,Fitness,446.0597630142527,214.57798117366715,SUP_28,451,2022-02-15
PROD_0018,Water Sports Basic 750,Sports,Water Sports,436.03686246127256,236.35199678203793,SUP_12,430,2022-01-13
PROD_0019,Decor Elite 430,Home & Garden,Decor,602.5071413153632,495.2672435374708,SUP_44,792,2022-09-08
PROD_0020,Shoes Basic 423,Clothing,Shoes,25.191219017818987,10.116386552183444,SUP_38,605,2022-02-17
PROD_0021,Educational Max 550,Toys,Educational,209.11686315518676,100.881725692594,SUP_43,712,2023-04-29
PROD_0022,Puzzles Pro 580,Toys,Puzzles,319.40524292746113,198.14230606066562,SUP_25,532,2023-01-08
PROD_0023,Kitchen Lite 746,home & garden,Kitchen,1094.1314992742793,466.9690556183739,SUP_6,851,2023-01-28
PROD_0024,Water Sports Standard 915,Sports,Water Sports,-25.0,44.31455581626081,SUP_50,978,2022-06-03
PROD_0025,Smartphones Standard 705,electronics,Smartphones,27.936719022438673,14.647862477964058,SUP_40,722,2022-07-03
PROD_0026,Water Sports Pro 460,Sports,Water Sports,72.59329812294105,35.81507962884201,SUP_19,651,2022-02-06
PROD_0027,Kitchen Elite 175,Home & Garden,Kitchen,79.40579927206046,53.386271200672894,SUP_16,292,2023-07-21
PROD_0028,Educational Standard 572,Toys,Educational,70.25784510977991,28.422418871067826,,809,2023-11-03
PROD_0029,Outdoor Lite 138,Sports,Outdoor,532.5008529052666,245.09285015968734,SUP_5,912,2023-03-06
PROD_0030,Educational Pro 477,Toys,Educational,567.0955402697628,294.5710315413906,SUP_6,100,2022-08-18
PROD_0031,Accessories Standard 178,Electroniks,Accessories,205.35420076333395,143.126615823812,SUP_18,501,2022-11-26
PROD_0032,Board Games Basic 984,Toys,Board Games,260.5574537328872,205.16081814806142,SUP_10,303,2022-09-12
PROD_0033,Educational Pro 729,Toys,Educational,88.77547430313147,-10.0,SUP_25,870,2023-03-03
PROD_0034,Shoes Elite 619,,Shoes,380.96120123716,174.8215272759268,,539,2022-11-24
PROD_0035,Men Lite 573,,Men,412.3880934954304,266.0344039009163,,552,2022-10-05
PROD_0036,Kids Elite 667,Clothng,Kids,701.2699056074076,368.8131855204761,SUP_10,354,2022-03-21
PROD_0037,Board Games Basic 142,toys,Board Games,24.98269012733054,11.63971740105982,SUP_48,302,2023-08-09
PROD_0038,Tools Lite 929,home & garden,Tools,320.3143556564316,238.98227560344975,SUP_25,495,2023-01-17
PROD_0039,Educational Elite 767,Toys,Educational,325.19866760868416,155.5314094628923,SUP_21,657,2022-05-03
PROD_0040,Tools Max 429,Home & Garden,Tools,564.5621828047093,427.8826926290317,SUP_24,767,2023-05-30
PROD_0041,Furniture Elite 587,home & garden,Furniture,885.2053740760451,360.6211244647785,SUP_7,973,2023-11-21
PROD_0042,Women Elite 254,Clothng,Women,548.0207666414263,298.6631818907385,,226,2022-02-23
PROD_0043,Outdoor Pro 561,Sports,Outdoor,203.6031344540092,145.86016639141906,SUP_1,235,2022-07-03
PROD_0044,Smartphones Pro 930,Electroniks,Smartphones,750.2738591859306,456.06616000819184,SUP_20,872,2022-08-17
PROD_0045,Shoes Standard 831,Clothng,Shoes,55.77070753670884,32.09933183795836,SUP_29,891,2023-06-13
PROD_0046,Women Pro 616,Clothing,Women,139.09224630067354,63.639123352766426,SUP_24,454,2022-02-17
PROD_0047,Outdoor Basic 276,Sports,Outdoor,437.40377393748327,201.89876886477447,SUP_49,12,2023-02-15
PROD_0048,Laptops Pro 353,Electroniks,Laptops,141.63102939976736,70.9744030754596,SUP_18,-50,2022-03-12
PROD_0049,Puzzles Basic 548,Toys,Puzzles,640.2864176997113,478.64369180411825,SUP_7,740,2023-04-22
PROD_0050,Puzzles Lite 636,Toys,Puzzles,560.2337446888819,401.01476785025784,,396,2022-10-17
PROD_0051,Kids Elite 724,Clothing,Kids,180.96790104799078,136.9014992848887,SUP_6,99,2022-11-15
PROD_0052,Accessories Max 472,Electroniks,Accessories,581.9604291410235,298.39157219689025,SUP_12,30,2022-12-02
PROD_0053,Shoes Standard 389,Clothing,Shoes,1149.877731545317,491.34195238924,SUP_28,897,2022-03-30
PROD_0054,Furniture Lite 518,Home & Garden,Furniture,781.8799284667887,443.25749928443645,SUP_29,527,2023-07-21
PROD_0055,Women Standard 795,Clothing,Women,428.9184939075846,-10.0,SUP_36,648,2023-04-13
PROD_0056,Shoes Elite 153,Clothng,Shoes,871.8936775728051,452.82474391588255,SUP_36,328,2022-01-09
PROD_0057,Puzzles Basic 762,Toys,Puzzles,1115.687334455121,494.7006058085459,SUP_33,165,2023-01-13
PROD_0058,Action Figures Standard 167,Toys,Action Figures,809.9460584049465,374.24288321787583,SUP_27,458,2022-07-25
PROD_0059,Puzzles Standard 196,Toys,Puzzles,98.1597075842614,41.843340646618074,SUP_7,821,2022-10-26
PROD_0060,Kitchen Elite 794,Home & Garden,Kitchen,322.83109985912995,206.77431584848887,SUP_2,951,2023-08-01
PROD_0061,Action Figures Lite 390,Toys,Action Figures,610.675140527643,420.53461028879025,SUP_6,981,2022-11-08
PROD_0062,Audio Standard 841,Electroniks,Audio,288.2332166683011,122.97890594445931,SUP_23,992,2023-09-30
PROD_0063,Team Sports Basic 717,Sports,Team Sports,-25.0,417.01483369780607,SUP_36,99,2022-09-06
PROD_0064,Accessories Max 441,electronics,Accessories,110.63577137062587,68.96599339714801,,620,2023-04-21
PROD_0065,Accessories Pro 696,Electronics,Accessories,71.45371366902023,33.00322500242837,SUP_39,854,2023-01-13
PROD_0066,Board Games Basic 244,Toys,Board Games,447.8733445879084,198.2043996307123,,172,2023-08-29
PROD_0067,Water Sports Standard 417,sports,Water Sports,55.982507340035944,27.998649339040675,SUP_21,748,2023-05-21
PROD_0068,Outdoor Basic 815,Sports,Outdoor,1003.2761768250842,479.0624288618296,SUP_25,161,2022-07-20
PROD_0069,Team Sports Basic 501,Sports,Team Sports,700.183999363569,414.84079093904325,SUP_1,904,2023-07-14
PROD_0070,Kitchen Max 709,Home & Garden,Kitchen,764.6390492625995,402.3771466936388,SUP_19,-50,2022-09-09
PROD_0071,Puzzles Basic 186,Toys,Puzzles,599.3996555895576,318.591182268115,SUP_27,775,2022-06-04
PROD_0072,Fitness Standard 672,Sports,Fitness,267.08277783946926,115.99877128791123,SUP_25,262,2022-01-07
PROD_0073,Kitchen Lite 758,home & garden,Kitchen,604.9554930943827,263.9475796714322,SUP_50,803,2023-02-24
PROD_0074,Kids Standard 932,Clothing,Kids,690.8265965001463,302.6642954908671,SUP_6,273,2022-01-25
PROD_0075,Shoes Max 786,Clothng,Shoes,324.551402451876,267.2654354215314,SUP_47,2,2022-08-27
PROD_0076,Decor Basic 948,Home & Garden,Decor,299.01245876399173,137.51435029624838,,27,2023-07-09
PROD_0077,Kitchen Basic 801,Home & Garden,Kitchen,573.8359718108301,262.4714829142157,SUP_16,325,2022-12-21
PROD_0078,Board Games Elite 195,Toys,Board Games,521.8915253941357,250.681307025627,SUP_37,939,2023-10-14
PROD_0079,Action Figures Basic 786,Toys,Action Figures,1087.6522582897483,498.2045301452949,SUP_34,148,2022-01-10
PROD_0080,Shoes Lite 620,Clothng,Shoes,1031.964599997354,449.7437125426399,SUP_11,539,2022-12-10
PROD_0081,Fitness Standard 118,sports,Fitness,429.4077661899773,237.05656662565377,,487,2022-01-02
PROD_0082,Men Standard 416,Clothing,Men,584.032937902129,315.23931763820815,SUP_25,821,2023-11-05
PROD_0083,Water Sports Max 319,Sports,Water Sports,512.7828407896023,376.45708600519197,SUP_11,437,2023-01-21
PROD_0084,Outdoor Standard 884,Sports,Outdoor,46.069454945493405,27.083928514574207,,64,2022-11-11
PROD_0085,Puzzles Lite 296,Toys,Puzzles,913.3374990858717,448.51150620164157,SUP_18,355,2022-04-17
PROD_0086,Smartphones Max 240,Electronics,Smartphones,955.4814128128032,431.46214004478264,SUP_20,532,2022-07-30
PROD_0087,Laptops Max 179,electronics,Laptops,347.0851009772401,234.14172790911658,SUP_18,251,2023-06-27
PROD_0088,Tools Standard 964,home & garden,Tools,278.1415604744277,201.6731853793861,,234,2022-09-01
PROD_0089,Puzzles Pro 619,Toys,Puzzles,296.40616775410047,143.75009367959433,,226,2023-03-06
PROD_0090,Team Sports Elite 955,Sports,Team Sports,292.88122727975394,243.57164588188053,,524,2023-05-19
PROD_0091,Smartphones Basic 639,Electronics,Smartphones,45.45454631377701,31.744565131286016,SUP_11,312,2022-03-03
PROD_0092,Water Sports Pro 777,Sports,Water Sports,529.249045319645,427.5748313400338,SUP_28,48,2022-05-26
PROD_0093,Audio Standard 997,Electronics,Audio,38.76346308589877,27.356960525087082,SUP_18,117,2022-10-14
PROD_0094,Audio Elite 234,Electroniks,Audio,245.84491164815,171.2351690312368,,53,2022-04-06
PROD_0095,Accessories Elite 485,Electronics,Accessories,794.8686112177304,466.4788492763051,SUP_20,649,2022-02-14
PROD_0096,Educational Max 266,Toys,Educational,-25.0,370.2542007164918,SUP_31,564,2022-08-26
PROD_0097,Shoes Max 951,Clothing,Shoes,345.53138436552695,147.88157068298813,,43,2023-06-17
PROD_0098,Team Sports Basic 889,Sports,Team Sports,249.28486151885917,133.79805604083367,SUP_24,814,2023-02-27
PROD_0099,Action Figures Elite 928,Toys,Action Figures,26.734455098342867,12.490248510832723,SUP_17,52,2023-01-17
PROD_0100,Puzzles Max 838,Toys,Puzzles,468.58434323148515,350.90000349637756,SUP_16,585,2023-04-15
PROD_0101,Action Figures Lite 144,Toys,Action Figures,50.62099107629085,33.90395501985482,SUP_47,557,2022-03-28
PROD_0102,Action Figures Lite 473,Toys,Action Figures,572.7946243007362,270.9752345063734,SUP_41,524,2023-08-18
PROD_0103,Educational Basic 836 é,Toys,Educational,610.776224206654,481.4397665701044,SUP_32,-50,2022-04-08
PROD_0104,Decor Max 554,Home & Garden,Decor,116.62472393724565,63.639741426682406,SUP_39,101,2023-06-02
PROD_0105,Fitness Elite 391,sports,Fitness,887.2566724893231,448.295166174353,SUP_40,791,2022-05-17
PROD_0106,Action Figures Basic 902,toys,Action Figures,983.1123874908026,495.8229142210736,SUP_13,769,2023-10-15
PROD_0107,Fitness Lite 339,Sports,Fitness,49.36879104570718,40.14334285722518,SUP_30,981,2023-02-08
PROD_0108,Decor Elite 344,Home & Garden,Decor,716.4934695939011,442.624071877356,SUP_7,848,2022-03-18
PROD_0109,Decor Standard 928,Home & Garden,Decor,532.9702659669198,262.8787200173722,SUP_9,867,2023-08-30
PROD_0110,Fitness Lite 955,Sports,Fitness,633.0068478965779,454.1917225278442,,397,2023-08-05
PROD_0111,Smartphones Max 476,Electroniks,Smartphones,610.0586736139257,289.9462815405913,,137,2022-03-05
PROD_0112,Women Basic 684,Clothng,Women,725.6242967529873,334.4348849522167,SUP_26,674,2023-03-22
PROD_0113,Smartphones Lite 572,Electroniks,Smartphones,684.6491207795196,276.4516649187256,SUP_22,920,2023-11-10
PROD_0114,Accessories Standard 896,Electroniks,Accessories,-25.0,433.6015113506008,SUP_40,386,2022-05-14
PROD_0115,Laptops Lite 614,Electronics,Laptops,840.0148283972906,369.61586028731386,SUP_25,110,2022-08-31
PROD_0116,Board Games Elite 528,Toys,Board Games,498.02566110474544,265.4175529684033,SUP_22,613,2022-10-26
PROD_0117,Kitchen Max 936,Home & Garden,Kitchen,733.8652659300192,435.398793985258,SUP_29,16,2022-09-25
PROD_0118,Audio Max 920,Electronics,Audio,176.93977782315588,130.18991080511393,SUP_22,779,2022-11-19
PROD_0119,Tools Elite 241,Home & Garden,Tools,187.7946658747839,87.09692325423772,SUP_28,181,2023-02-07
PROD_0120,Outdoor Standard 153,sports,Outdoor,133.4801295688627,88.59605161173533,SUP_42,-50,2022-12-01
PROD_0121,Men Basic 592,Clothing,Men,292.25080967502237,173.66435058516657,SUP_39,535,2022-11-22
PROD_0122,Outdoor Standard 667,Sports,Outdoor,162.67205463766842,126.95811533749858,SUP_9,-50,2023-04-09
PROD_0123,Team Sports Pro 828,Sports,Team Sports,1044.0947918962659,465.74427174977194,SUP_20,170,2022-10-06
PROD_0124,Action Figures Elite 971,Toys,Action Figures,135.87667351283255,61.858705976006156,SUP_21,408,2022-08-28
PROD_0125,Men Pro 391,Clothng,Men,759.1912168528237,352.50546163939794,SUP_39,739,2022-03-18
PROD_0126,Team Sports Pro 881 é,Sports,Team Sports,163.2481913092738,102.71855449465289,SUP_45,377,2022-07-27
PROD_0127,Water Sports Max 379,Sports,Water Sports,630.084779780538,442.00219505747157,SUP_13,187,2022-05-20
PROD_0128,Shoes Lite 625,Clothing,Shoes,975.9523208974898,481.04449121060463,SUP_31,-50,2023-08-22
PROD_0129,Women Max 950,,Women,439.26204198204135,238.08030429729195,SUP_21,229,2022-04-22
PROD_0130,Fitness Lite 193,Sports,Fitness,631.027084823248,440.7450253117845,SUP_12,832,2022-06-09
PROD_0131,Women Max 936,Clothng,Women,26.190263127350505,12.521133669810236,SUP_26,851,2022-04-19
PROD_0132,Fitness Lite 457,Sports,Fitness,1024.6848978835221,411.77398952996907,SUP_21,-50,2022-06-18
PROD_0133,Team Sports Pro 524,Sports,Team Sports,264.9661973434256,122.02632914721252,SUP_19,155,2023-04-06
PROD_0134,Action Figures Pro 505,Toys,Action Figures,984.2719360725764,455.26364154199024,SUP_48,783,2023-04-23
PROD_0135,Laptops Elite 482,Electronics,Laptops,25.6907499532506,10.548854625253648,,686,2022-11-18
PROD_0136,Team Sports Max 495,,Team Sports,413.57090513189337,282.5290501694809,,464,2023-02-21
PROD_0137,Kitchen Pro 483,Home & Garden,Kitchen,736.8360815775341,380.751543854618,SUP_32,103,2022-05-04
PROD_0138,Audio Max 128,Electronics,Audio,338.27470719256786,136.75728204197492,,603,2023-07-03
PROD_0139,Laptops Standard 201,Electronics,Laptops,148.04636074117838,104.6351036477736,SUP_16,697,2023-01-02
PROD_0140,Audio Basic 765,Electronics,Audio,108.06592736103251,51.20812998931248,SUP_21,971,2022-08-01
PROD_0141,Action Figures Standard 910 é,Toys,Action Figures,333.3707752832418,169.95245248661357,,794,2023-04-08
PROD_0142,Water Sports Max 240,Sports,Water Sports,557.963342675827,284.32371303132646,SUP_18,501,2022-11-12
PROD_0143,Puzzles Pro 393,Toys,Puzzles,140.66879137849577,66.76348982232625,SUP_26,692,2023-04-20
PROD_0144,Fitness Lite 812,Sports,Fitness,468.6480709897007,194.5807273735314,SUP_24,681,2022-09-29
PROD_0145,Puzzles Max 877,Toys,Puzzles,32.03077547441025,14.445478279835232,SUP_8,698,2022-05-03
PROD_0146,Educational Basic 580,,Educational,523.3881786533732,411.15291604492245,SUP_37,174,2022-04-03
PROD_0147,Kitchen Lite 730,Home & Garden,Kitchen,168.38508049659077,72.93987186566378,SUP_13,733,2022-06-11
PROD_0148,Board Games Pro 181,Toys,Board Games,222.2455232742801,148.83804465013498,SUP_38,744,2022-11-08
PROD_0149,Shoes Pro 362,Clothng,Shoes,32.159773413371774,19.02958218172656,SUP_35,673,2023-09-10
PROD_0150,Decor Max 955,Home & Garden,Decor,399.29241036085926,221.79798410733102,SUP_12,420,2022-02-11
PROD_0151,Educational Max 661,Toys,Educational,769.6036253046974,421.6595363431972,SUP_44,133,2022-08-09
PROD_0152,Accessories Basic 723,Electroniks,Accessories,-25.0,202.15409360814633,SUP_50,390,2022-12-02
PROD_0153,Shoes Elite 533,Clothing,Shoes,236.90680252090436,97.95368847767837,SUP_36,991,2022-06-01
PROD_0154,Shoes Pro 894,Clothing,Shoes,803.3172342647391,379.3124286847544,SUP_2,735,2022-04-04
PROD_0155,Kids Standard 343,Clothing,Kids,801.1680681613985,396.5154211166647,,500,2022-09-12
PROD_0156,Tools Standard 224,Home & Garden,Tools,120.33155351334045,95.13920290070773,SUP_30,664,2022-12-31
PROD_0157,Board Games Pro 344,Toys,Board Games,920.8653280158524,387.718513185085,SUP_46,32,2023-02-10
PROD_0158,Action Figures Lite 754,Toys,Action Figures,1129.585421999335,474.1759652456056,SUP_14,54,2023-06-10
PROD_0159,Audio Elite 568 é,electronics,Audio,202.66173978379112,91.52501759681344,SUP_29,953,2022-02-20
PROD_0160,Accessories Pro 213,Electroniks,Accessories,468.88230510804146,387.7823033407464,,518,2023-11-25
PROD_0161,Women Lite 711,Clothing,Women,455.2390171147012,357.2002822552884,SUP_45,755,2022-11-03
PROD_0162,Accessories Elite 116,electronics,Accessories,361.3318155846319,242.05120533319337,SUP_5,824,2022-09-24
PROD_0163,Kitchen Basic 627,home & garden,Kitchen,52.61095331669783,38.381025673811166,SUP_27,637,2022-06-28
PROD_0164,Educational Elite 347,Toys,Educational,80.08194156523543,46.600264701348465,SUP_44,11,2022-02-01
PROD_0165,Men Basic 247,Clothng,Men,1026.187295667439,427.68318300733733,SUP_32,527,2023-02-19
PROD_0166,Accessories Standard 539,,Accessories,898.084116496139,495.17270264781706,SUP_9,719,2023-04-09
PROD_0167,Tools Pro 729,Home & Garden,Tools,415.4647392869603,341.26560602150965,,554,2023-07-24
PROD_0168,Decor Standard 346,Home & Garden,Decor,358.22028510444267,228.51957043505752,SUP_20,372,2023-07-18
PROD_0169,Accessories Elite 526,electronics,Accessories,411.74863253433523,327.3110852669347,SUP_16,483,2022-09-13
PROD_0170,Board Games Max 780,Toys,Board Games,375.7160927610288,301.2539710219872,SUP_17,972,2022-04-07
PROD_0171,Audio Basic 187,Electronics,Audio,308.5235489546958,197.97000759875468,SUP_43,646,2023-04-19
PROD_0172,Kids Elite 469,Clothing,Kids,65.69279140488915,42.15681084126634,SUP_10,227,2022-04-15
PROD_0173,Audio Pro 638,Electroniks,Audio,917.1885598066095,412.5413442296461,SUP_46,622,2022-05-24
PROD_0174,Tools Elite 619,Home & Garden,Tools,474.2083110458179,192.19842932697506,SUP_28,306,2022-05-05
PROD_0175,Audio Elite 667,Electroniks,Audio,691.8808184782139,411.20496524497594,SUP_25,456,2022-01-13
PROD_0176,Action Figures Pro 499,Toys,Action Figures,235.03630247827562,133.7292873473073,SUP_5,159,2022-03-05
PROD_0177,Outdoor Lite 144,Sports,Outdoor,24.141591706870027,10.504445124360364,SUP_29,330,2022-08-16
PROD_0178,Laptops Basic 496,Electroniks,Laptops,136.0889007028093,87.87975880561069,,775,2022-05-14
PROD_0179,Board Games Standard 359,Toys,Board Games,336.2077926330698,239.58431421660634,SUP_31,224,2022-07-22
PROD_0180,Puzzles Basic 116,Toys,Puzzles,1091.4923802503956,472.7087811293366,SUP_38,982,2023-02-15
PROD_0181,Kitchen Standard 907,Home & Garden,Kitchen,75.72142029145125,60.0748736499223,SUP_26,728,2023-01-17
PROD_0182,Board Games Pro 453,toys,Board Games,859.5295043387421,428.56278948616733,SUP_35,503,2023-10-08
PROD_0183,Puzzles Max 850,Toys,Puzzles,517.865138680886,268.2418071438124,SUP_33,-50,2023-10-23
PROD_0184,Puzzles Basic 743,Toys,Puzzles,684.131111245265,414.70117524194933,SUP_45,44,2022-03-28
PROD_0185,Puzzles Pro 890,toys,Puzzles,251.447971881664,156.2034711850964,SUP_27,213,2023-08-20
PROD_0186,Men Elite 852,Clothing,Men,928.9027376694123,421.5741106895112,SUP_35,58,2023-08-24
PROD_0187,Men Standard 236,Clothing,Men,510.0891229548241,388.6831622082342,SUP_3,643,2022-09-23
PROD_0188,Tools Pro 460,Home & Garden,Tools,185.04912789853634,122.72630468540262,SUP_24,-50,2022-03-18
PROD_0189,Smartphones Elite 446,Electroniks,Smartphones,160.0238970442367,74.35421194059525,SUP_45,194,2022-01-23
PROD_0190,Puzzles Basic 279,Toys,Puzzles,832.7383068946979,435.3466180408235,SUP_35,924,2022-03-08
PROD_0191,Smartphones Basic 575,Electroniks,Smartphones,658.5782276800524,481.9859601856646,SUP_39,488,2022-07-22
PROD_0192,Audio Basic 590,,Audio,59.4629317022216,25.33813373628296,SUP_41,156,2023-10-24
PROD_0193,Tools Basic 286,Home & Garden,Tools,630.3771166751465,368.3223328171059,SUP_6,609,2023-03-31
PROD_0194,Puzzles Max 164,Toys,Puzzles,1037.2024122631242,455.667010364431,,225,2022-05-12
PROD_0195,Educational Basic 894,toys,Educational,956.568312504233,430.10644512532434,,411,2022-04-05
PROD_0196,Water Sports Lite 137,Sports,Water Sports,970.9022760976358,482.6150314124022,,204,2022-12-06
PROD_0197,Audio Standard 306,Electronics,Audio,704.7814113589807,382.4460984346676,SUP_43,78,2022-05-06
PROD_0198,Audio Pro 910,Electronics,Audio,560.7887104413883,226.72639356664604,SUP_43,123,2022-02-13
PROD_0199,Shoes Max 142,Clothing,Shoes,226.11882136736978,162.85647534261392,SUP_23,470,2023-04-18
PROD_0200,Team Sports Standard 417,Sports,Team Sports,358.1825891213412,167.16394281468246,SUP_11,939,2022-02-21
PROD_0201,Kids Elite 507,clothing,Kids,528.6723444971585,364.96710958091734,SUP_42,217,2022-06-22
PROD_0202,Kids Elite 584,Clothng,Kids,615.6577680195355,375.4601358951725,SUP_40,-50,2023-08-11
PROD_0203,Women Standard 137,Clothing,Women,173.22310235854715,108.1759803388692,SUP_3,601,2023-03-20
PROD_0204,Furniture Basic 295,Home & Garden,Furniture,1058.4731210721934,435.3801786103602,SUP_37,103,2023-02-09
PROD_0205,Decor Standard 465,Home & Garden,Decor,885.4913670303106,360.3127796991013,SUP_42,392,2023-05-24
PROD_0206,Kids Pro 986,Clothing,Kids,410.88226909896196,285.7476403082575,SUP_44,630,2022-01-31
PROD_0207,Fitness Basic 439,Sports,Fitness,296.16616048416813,241.05090545023123,SUP_42,644,2023-01-27
PROD_0208,Smartphones Standard 227,Electronics,Smartphones,589.9320704069963,276.1840748370795,SUP_26,823,2023-12-01
PROD_0209,Outdoor Standard 547,Sports,Outdoor,153.47106789369025,-10.0,SUP_49,607,2023-03-13
PROD_0210,Board Games Lite 861,Toys,Board Games,144.45896325647877,109.81361214537436,SUP_22,979,2022-06-26
PROD_0211,Kitchen Lite 495,Home & Garden,Kitchen,114.20034199031443,54.67060029903392,SUP_28,433,2022-12-29
PROD_0212,Audio Standard 291,Electroniks,Audio,162.79232024845567,85.2924386989452,SUP_7,330,2022-08-08
PROD_0213,Audio Lite 808,Electronics,Audio,574.8907272014184,232.3098809565885,SUP_1,142,2022-07-11
PROD_0214,Action Figures Lite 476,Toys,Action Figures,403.63176427808605,269.87365292684547,SUP_7,799,2022-10-09
PROD_0215,Board Games Elite 373,Toys,Board Games,32.350975751286576,18.752327314376494,SUP_17,539,2022-10-14
PROD_0216,Kids Pro 844,Clothing,Kids,762.9448835790207,400.43093565337347,SUP_15,277,2023-04-02
PROD_0217,Decor Lite 180,home & garden,Decor,343.6155697361619,154.14230693830416,SUP_33,232,2022-06-02
PROD_0218,Tools Lite 716,Home & Garden,Tools,874.0816918289183,456.7996571303564,SUP_48,528,2022-02-05
PROD_0219,Outdoor Max 658,Sports,Outdoor,966.5975594957573,484.0805191707511,SUP_34,570,2023-09-21
PROD_0220,Kids Standard 428,clothing,Kids,150.7061327750048,100.87484859156062,,89,2023-09-27
PROD_0221,Men Pro 181,Clothng,Men,544.0187377251051,236.42767247517372,SUP_38,491,2023-09-24
PROD_0222,Women Standard 776,Clothng,Women,18.63285357787518,10.603599231548685,SUP_45,198,2022-09-09
PROD_0223,Kids Standard 413,Clothng,Kids,419.37347967826344,303.1803599099892,SUP_37,361,2023-10-25
PROD_0224,Furniture Lite 717,Home & Garden,Furniture,634.6745237928658,307.5801596487089,SUP_15,440,2022-10-30
PROD_0225,Furniture Basic 536,Home & Garden,Furniture,194.4364502828249,131.29457824565384,SUP_29,25,2023-05-26
PROD_0226,Kids Max 806,Clothng,Kids,376.31881462122925,283.622209565767,SUP_24,24,2023-02-26
PROD_0227,Outdoor Lite 459,sports,Outdoor,279.66429168377977,120.51466979743036,SUP_26,393,2023-07-18
PROD_0228,Accessories Lite 143,Electroniks,Accessories,159.6891875248089,88.80447984831314,SUP_30,506,2023-05-06
PROD_0229,Laptops Basic 990,Electronics,Laptops,715.8002879565104,329.2445387331097,SUP_50,300,2022-03-04
PROD_0230,Fitness Standard 729,Sports,Fitness,267.75200798465295,169.7034773365167,,338,2022-03-31
PROD_0231,Kids Lite 381,Clothing,Kids,665.205106181795,299.229330053955,SUP_38,266,2022-10-14
PROD_0232,Kitchen Basic 910,home & garden,Kitchen,299.0961287613199,222.29090699611123,SUP_45,460,2023-01-28
PROD_0233,Accessories Pro 176,electronics,Accessories,818.6329232932327,492.3321896274229,SUP_33,692,2022-05-21
PROD_0234,Puzzles Basic 752,Toys,Puzzles,205.86075796897768,83.29451490710723,SUP_10,455,2023-03-06
PROD_0235,Educational Lite 472,Toys,Educational,530.4865467101549,237.653312351547,SUP_23,359,2022-07-24
PROD_0236,Outdoor Elite 920,Sports,Outdoor,634.1088394936612,343.4237469160694,SUP_2,67,2023-10-21
PROD_0237,Men Basic 795,Clothng,Men,334.6087019595181,203.81709110118464,SUP_31,862,2023-06-23
PROD_0238,Audio Max 131,Electronics,Audio,1137.9562094661396,487.602927416638,SUP_7,411,2022-09-13
PROD_0239,Shoes Max 969,Clothing,Shoes,694.0970576075454,363.72493768419815,SUP_19,970,2023-10-08
PROD_0240,Laptops Elite 794,Electronics,Laptops,725.5659306028448,331.9220902066016,SUP_27,490,2023-07-11
PROD_0241,Fitness Lite 135,Sports,Fitness,830.6202297975274,380.95904112949944,SUP_6,832,2022-01-20
PROD_0242,Water Sports Max 168,,Water Sports,583.2807980074659,476.79783263897133,SUP_8,48,2023-01-27
PROD_0243,Puzzles Max 897,Toys,Puzzles,620.448765492749,454.8311399624737,SUP_47,686,2023-01-03
PROD_0244,Men Basic 475,Clothing,Men,750.7879730534017,364.89980098194184,SUP_10,563,2023-05-07
PROD_0245,Action Figures Standard 492,Toys,Action Figures,531.735655399933,377.0892031596287,SUP_23,101,2023-07-12
PROD_0246,Women Elite 133,Clothing,Women,124.87230265969154,81.50181627722127,SUP_20,215,2023-05-12
PROD_0247,Board Games Elite 257,Toys,Board Games,146.7329082293589,60.36827820140619,SUP_22,437,2022-12-19
PROD_0248,Tools Basic 560,home & garden,Tools,558.6935515458235,289.7432059036405,SUP_30,699,2023-08-03
PROD_0249,Furniture Standard 480,Home & Garden,Furniture,41.34332802702703,19.0001421008646,SUP_14,568,2023-05-30
PROD_0250,Decor Lite 881,Home & Garden,Decor,474.32503013230007,246.35462696027986,,-50,2022-11-26
PROD_0251,Furniture Pro 687,Home & Garden,Furniture,216.90101129632433,113.07129416024561,,158,2023-02-02
PROD_0252,Accessories Max 642,Electronics,Accessories,237.43397954295867,179.5481181459714,SUP_23,488,2022-10-04
PROD_0253,Decor Standard 507,home & garden,Decor,642.474900253221,390.14432053854847,SUP_31,685,2022-07-04
PROD_0254,Water Sports Standard 765,Sports,Water Sports,738.4558651955679,471.20637707386936,SUP_7,241,2022-01-27
PROD_0255,Water Sports Standard 355,Sports,Water Sports,77.68421016217226,45.483973351707334,SUP_29,793,2022-11-23
PROD_0256,Accessories Pro 126,Electroniks,Accessories,608.199226637411,271.77868092845813,SUP_47,752,2023-09-04
PROD_0257,Tools Basic 290,Home & Garden,Tools,744.8556269435103,442.441408051604,,881,2022-08-13
PROD_0258,Kitchen Lite 630,,Kitchen,90.12732961565284,50.42918187580643,SUP_29,4,2022-01-31
PROD_0259,Tools Lite 675,Home & Garden,Tools,710.6910626319009,414.01188297944856,,595,2022-10-15
PROD_0260,Action Figures Pro 368,Toys,Action Figures,244.89099256436944,185.32266195485298,SUP_5,-50,2022-03-01
PROD_0261,Men Standard 820,Clothing,Men,297.62230544599873,167.82640408747432,SUP_20,-50,2023-04-29
PROD_0262,Board Games Lite 319,Toys,Board Games,711.0885043565053,488.958529294245,,-50,2023-06-27
PROD_0263,Women Elite 392,Clothing,Women,156.42327806718242,108.42095403252415,SUP_46,247,2023-01-02
PROD_0264,Tools Basic 602,Home & Garden,Tools,462.34351578788204,349.66503100311365,SUP_8,-50,2023-08-22
PROD_0265,Furniture Max 225,,Furniture,686.2747199214272,412.50595672483456,SUP_2,672,2022-08-27
PROD_0266,Board Games Max 973,Toys,Board Games,65.93485351246471,30.17991268684312,,945,2022-06-13
PROD_0267,Board Games Pro 562,Toys,Board Games,527.8308172696403,338.488874593662,SUP_42,421,2022-04-13
PROD_0268,Women Max 830,Clothing,Women,764.8983750347815,476.2594874341102,SUP_7,922,2022-09-11
PROD_0269,Fitness Lite 189,Sports,Fitness,144.24974765160397,70.86778369674909,SUP_44,737,2023-11-04
PROD_0270,Women Basic 965,clothing,Women,653.3281996502545,449.1484383156688,SUP_11,14,2022-09-04
PROD_0271,Action Figures Standard 783,Toys,Action Figures,713.2220049125334,301.44055231469866,SUP_48,735,2022-09-30
PROD_0272,Puzzles Standard 826,Toys,Puzzles,585.6449058073115,312.13624511261224,SUP_16,572,2023-07-01
PROD_0273,Accessories Pro 663,electronics,Accessories,552.9945397504496,310.34264568414693,SUP_34,121,2022-02-27
PROD_0274,Puzzles Elite 397,Toys,Puzzles,301.1529561290927,156.42958430528378,,276,2022-08-13
PROD_0275,Audio Standard 971,Electroniks,Audio,662.9676651342146,468.2488894967352,SUP_36,557,2023-08-13
PROD_0276,Fitness Max 828,Sports,Fitness,947.2251001332404,474.20172668920895,SUP_11,452,2023-02-02
PROD_0277,Women Basic 817,Clothing,Women,529.0293969902034,316.39928350483444,SUP_22,389,2022-12-30
PROD_0278,Kids Basic 278,Clothng,Kids,932.0481048857555,393.8771357113912,SUP_36,293,2022-06-27
PROD_0279,Audio Standard 620,Electronics,Audio,440.0573487278128,310.0064130817674,SUP_28,573,2022-06-30
PROD_0280,Shoes Max 224,Clothng,Shoes,459.87455845512613,247.3552393112799,SUP_30,597,2022-08-31
PROD_0281,Action Figures Max 911,Toys,Action Figures,660.1086686036515,333.80185796663284,SUP_15,445,2023-08-30
PROD_0282,Decor Max 342,Home & Garden,Decor,349.3586127860496,280.9707117700596,SUP_26,209,2022-11-22
PROD_0283,Audio Lite 126,Electronics,Audio,506.46255686512905,302.7631726896457,SUP_41,589,2023-01-03
PROD_0284,Women Standard 667,Clothng,Women,-25.0,394.07795117524233,SUP_12,713,2023-08-29
PROD_0285,Accessories Elite 477,electronics,Accessories,556.7473118318782,245.64287741000257,SUP_12,301,2022-01-29
PROD_0286,Laptops Lite 922,Electroniks,Laptops,48.16432018650083,29.969511985311655,,908,2022-12-27
PROD_0287,Decor Elite 232,Home & Garden,Decor,202.240585319407,90.35974568485365,SUP_43,222,2023-08-05
PROD_0288,Board Games Elite 188,Toys,Board Games,552.8658909222333,224.9175360798738,,733,2023-08-01
PROD_0289,Audio Pro 416,Electronics,Audio,844.968515304804,365.1650143382886,SUP_26,2,2022-05-26
PROD_0290,Women Lite 834,Clothng,Women,406.8370564708946,300.7065376719876,SUP_2,989,2023-07-31
PROD_0291,Fitness Basic 590,Sports,Fitness,710.413442412953,328.64415107799243,,517,2022-07-12
PROD_0292,Laptops Elite 520,Electronics,Laptops,395.56617934395064,244.84667500238078,SUP_40,-50,2023-05-20
PROD_0293,Smartphones Lite 943,Electroniks,Smartphones,774.58981528288,311.713590751699,,519,2023-07-10
PROD_0294,Tools Elite 175,Home & Garden,Tools,313.4954497070624,171.21854452918447,SUP_29,427,2022-11-13
PROD_0295,Educational Max 424,,Educational,326.72873049020694,240.38947042136587,SUP_38,492,2022-06-29
PROD_0296,Water Sports Basic 175 é,Sports,Water Sports,802.8781515520105,374.69674214152826,SUP_28,234,2023-05-18
PROD_0297,Men Lite 577,Clothing,Men,708.2235048292647,437.19806169682937,SUP_25,619,2022-02-08
PROD_0298,Water Sports Basic 629,Sports,Water Sports,555.3826747863646,222.49111363863057,SUP_1,160,2022-04-03
PROD_0299,Kids Standard 231,Clothing,Kids,77.66040273874314,31.394212276606982,SUP_46,720,2022-02-27
PROD_0300,Puzzles Elite 755,Toys,Puzzles,183.1654294611804,89.2195466319333,SUP_14,751,2022-08-27
PROD_0301,Kids Elite 286,Clothing,Kids,27.67929844348763,20.221958252853668,SUP_14,330,2023-09-09
PROD_0302,Kitchen Max 543,Home & Garden,Kitchen,690.8703146619476,330.0988794262918,SUP_18,332,2022-08-13
PROD_0303,Kitchen Elite 989,Home & Garden,Kitchen,228.30350026194387,172.83416642400337,SUP_49,49,2022-01-21
PROD_0304,Furniture Pro 951,Home & Garden,Furniture,341.5062181245163,275.81453150249007,SUP_46,522,2023-06-24
PROD_0305,Furniture Pro 630,Home & Garden,Furniture,571.3330689947818,251.7056549240618,SUP_5,862,2023-05-05
PROD_0306,Water Sports Max 411,Sports,Water Sports,73.55733267089258,49.94797988068908,SUP_37,667,2022-01-01
PROD_0307,Educational Max 265,Toys,Educational,351.40856868325477,207.5980669506776,SUP_7,491,2022-12-06
PROD_0308,Kids Standard 826,Clothng,Kids,291.11315543116484,118.0749512119384,SUP_35,581,2023-09-21
PROD_0309,Men Max 454,Clothng,Men,352.17295694416464,215.01589644714983,SUP_12,680,2022-07-26
PROD_0310,Furniture Elite 390,Home & Garden,Furniture,174.00700243861485,109.75335736769891,SUP_24,271,2022-05-14
PROD_0311,Decor Pro 356,Home & Garden,Decor,1009.7020670749382,421.82167907569743,SUP_21,579,2022-12-15
PROD_0312,Laptops Max 750,Electronics,Laptops,128.1541871485434,95.35473492334428,SUP_13,866,2022-07-01
PROD_0313,Educational Elite 381,Toys,Educational,1051.6910439945989,480.7824702286187,SUP_30,251,2022-11-28
PROD_0314,Fitness Max 740,sports,Fitness,531.1695507591716,213.794609412001,SUP_8,559,2022-03-02
PROD_0315,Women Standard 729,clothing,Women,1007.1601310632725,424.66019308933414,SUP_17,695,2022-01-23
PROD_0316,Accessories Elite 195,,Accessories,651.1935091460701,318.0947609209131,,831,2022-06-01
PROD_0317,Accessories Elite 756,electronics,Accessories,595.5805394663266,370.3216463462188,SUP_32,698,2023-08-24
PROD_0318,Kids Max 706,Clothing,Kids,591.1014832930325,386.18470515272236,SUP_34,89,2022-05-26
PROD_0319,Outdoor Elite 257,Sports,Outdoor,582.9602345382605,257.37399212757873,,-50,2022-04-24
PROD_0320,Accessories Max 774,Electronics,Accessories,647.3893015425618,276.2172564480113,SUP_21,331,2023-06-23
PROD_0321,Accessories Elite 837,Electronics,Accessories,493.09568927766344,261.85797522627524,,138,2023-01-09
PROD_0322,Action Figures Elite 445,Toys,Action Figures,452.48282263951586,298.14860526413884,SUP_25,356,2022-03-16
PROD_0323,Water Sports Elite 142,Sports,Water Sports,32.86697403358512,24.403278420688572,SUP_40,600,2023-01-18
PROD_0324,Audio Pro 183,Electroniks,Audio,267.6605238441404,203.80243322601748,,273,2023-11-10
PROD_0325,Water Sports Pro 756,Sports,Water Sports,655.4531254591444,307.03246964497407,SUP_38,18,2023-02-10
PROD_0326,Kids Elite 371,Clothing,Kids,528.8831680984852,302.88454697537355,SUP_8,982,2023-08-24
PROD_0327,Tools Basic 315,Home & Garden,Tools,947.33693338018,398.54848635675944,,310,2022-04-14
PROD_0328,Laptops Elite 526 é,Electronics,Laptops,715.3823734847601,330.9545760277332,SUP_23,869,2022-12-11
PROD_0329,Board Games Elite 754,Toys,Board Games,718.7352408776671,496.14532500692945,SUP_30,-50,2022-11-06
PROD_0330,Kids Pro 609,Clothing,Kids,297.86593869550074,149.08871901823605,SUP_40,977,2022-11-27
PROD_0331,Water Sports Basic 658,Sports,Water Sports,328.4769683721128,185.98400453645343,SUP_12,153,2022-05-20
PROD_0332,Shoes Standard 757,Clothng,Shoes,386.3500704491102,198.08510441522017,SUP_44,389,2022-06-11
PROD_0333,Audio Standard 594,Electroniks,Audio,514.4947350560197,238.24827543992177,SUP_46,259,2023-03-24
PROD_0334,Water Sports Max 924,sports,Water Sports,943.3715185201931,419.6390512527926,,619,2023-10-17
PROD_0335,Furniture Basic 515,Home & Garden,Furniture,288.3433149232594,125.53812604001283,SUP_40,882,2023-05-14
PROD_0336,Shoes Standard 564,Clothing,Shoes,597.1326568003204,390.2401014473605,SUP_38,796,2023-10-27
PROD_0337,Laptops Pro 805,Electronics,Laptops,258.76039652441403,208.60198971201427,SUP_6,570,2022-11-21
PROD_0338,Educational Pro 261,Toys,Educational,658.9340021430019,304.9091379943842,SUP_44,124,2022-06-28
PROD_0339,Team Sports Lite 525,Sports,Team Sports,428.1652009055637,319.94486128089,SUP_9,353,2023-07-30
PROD_0340,Kids Lite 575,Clothng,Kids,310.1237985413514,192.69583222257788,SUP_21,272,2023-09-21
PROD_0341,Men Max 448,Clothing,Men,314.7137946768208,261.18145055084454,SUP_8,618,2023-01-01
PROD_0342,Kitchen Elite 247 é,Home & Garden,Kitchen,443.0718598271638,212.38527557737154,SUP_16,810,2022-08-17
PROD_0343,Furniture Standard 982,Home & Garden,Furniture,62.182884554963096,43.87506523144353,SUP_20,244,2023-11-13
PROD_0344,Puzzles Basic 426,Toys,Puzzles,460.05126480934825,224.211040520245,SUP_8,847,2023-08-27
PROD_0345,Puzzles Basic 981,Toys,Puzzles,143.68727524717815,57.72276235124056,SUP_12,449,2022-06-29
PROD_0346,Laptops Standard 508,Electronics,Laptops,269.8459088198766,208.46019154935755,SUP_24,929,2023-01-23
PROD_0347,Smartphones Max 878,Electronics,Smartphones,390.74955210735527,300.5300159175731,SUP_45,246,2022-11-11
PROD_0348,Educational Standard 627,Toys,Educational,482.75086829108767,293.91330067831535,SUP_10,519,2022-10-29
PROD_0349,Puzzles Elite 208,Toys,Puzzles,778.5772080424156,334.68442671407695,SUP_33,140,2022-05-11
PROD_0350,Water Sports Standard 347,sports,Water Sports,83.8943480692846,56.678138897766885,SUP_25,361,2022-07-01
PROD_0351,Furniture Lite 225,home & garden,Furniture,549.8352300424452,329.5403903099146,SUP_27,7,2022-01-02
PROD_0352,Smartphones Standard 560,Electronics,Smartphones,210.05512704816556,162.95254778125906,,477,2023-08-10
PROD_0353,Tools Max 244 é,Home & Garden,Tools,450.5482091992025,205.53251360718443,SUP_9,351,2023-02-05
PROD_0354,Decor Pro 151,Home & Garden,Decor,744.9585229393123,430.41326442212585,,995,2023-08-05
PROD_0355,Educational Standard 493,toys,Educational,31.547588841691937,14.424898023479624,SUP_25,494,2022-02-03
PROD_0356,Water Sports Elite 528,Sports,Water Sports,708.4227811347547,298.32219033689665,SUP_28,605,2022-07-06
PROD_0357,Shoes Max 986,Clothng,Shoes,455.84113770236434,303.3698502490527,SUP_12,832,2023-09-09
PROD_0358,Fitness Max 933,Sports,Fitness,459.73869073979574,204.36329040834536,,426,2022-11-22
PROD_0359,Fitness Standard 691,Sports,Fitness,161.06299466172277,126.14364998308473,SUP_41,38,2023-09-19
PROD_0360,Decor Basic 420,Home & Garden,Decor,296.03967577870816,124.99027874816004,,592,2022-08-15
PROD_0361,Outdoor Max 881,Sports,Outdoor,906.4138987450189,443.0177381337688,SUP_45,186,2023-10-17
PROD_0362,Audio Max 610,,Audio,529.4308836174304,226.5919431536002,SUP_42,595,2023-08-03
PROD_0363,Furniture Elite 578,Home & Garden,Furniture,206.60510483557036,172.13578786469424,,599,2022-04-17
PROD_0364,Accessories Lite 415,Electronics,Accessories,326.41469517240193,229.9010111773875,SUP_36,753,2023-05-24
PROD_0365,Men Lite 123,Clothing,Men,576.8624879222465,338.00129671508705,SUP_11,853,2022-05-25
PROD_0366,Decor Pro 502,Home & Garden,Decor,137.87408088356477,81.42071843992834,SUP_32,92,2022-12-06
PROD_0367,Men Elite 568,clothing,Men,344.1250847233604,230.22257925473147,SUP_19,85,2022-03-21
PROD_0368,Kitchen Max 320,Home & Garden,Kitchen,505.54389932265804,298.0633418440896,SUP_9,43,2022-09-01
PROD_0369,Action Figures Elite 461,Toys,Action Figures,649.2985705165462,474.80584387720256,SUP_12,136,2022-12-22
PROD_0370,Outdoor Pro 151,Sports,Outdoor,232.24906718362018,133.73861321695546,SUP_21,420,2022-11-24
PROD_0371,Puzzles Standard 606,Toys,Puzzles,417.28299829564395,186.03286647896033,SUP_29,73,2022-06-21
PROD_0372,Kids Elite 963,Clothing,Kids,357.05872357616767,195.88570906198765,SUP_40,547,2023-10-14
PROD_0373,Team Sports Basic 788,Sports,Team Sports,375.2335726756778,306.7136972459926,SUP_4,612,2022-04-01
PROD_0374,Kitchen Lite 392,Home & Garden,Kitchen,323.0054547776552,184.79870598960082,SUP_23,987,2023-11-18
PROD_0375,Water Sports Elite 108,Sports,Water Sports,335.2936375989309,271.42084339685084,SUP_1,-50,2023-10-17
PROD_0376,Accessories Pro 541,Electronics,Accessories,965.443522074679,393.0772616240644,,155,2022-12-10
PROD_0377,Outdoor Max 370,Sports,Outdoor,485.69259785905456,355.63894111497973,SUP_9,937,2023-04-03
PROD_0378,Accessories Basic 474,Electronics,Accessories,484.8865661918189,228.72063679116692,SUP_13,254,2022-01-12
PROD_0379,Outdoor Lite 474,Sports,Outdoor,1068.3241202846116,433.4659270603428,SUP_25,170,2022-09-29
PROD_0380,Accessories Pro 510,Electronics,Accessories,644.6110486871756,283.48872230099283,SUP_36,980,2022-08-03
PROD_0381,Women Pro 683,Clothing,Women,579.0642911378519,274.5538613560841,,727,2022-09-13
PROD_0382,Board Games Elite 299,Toys,Board Games,61.29684789348216,26.752005310187506,SUP_42,169,2022-03-11
PROD_0383,Furniture Standard 666,Home & Garden,Furniture,1222.0223362351278,493.47956037500916,SUP_32,763,2022-12-25
PROD_0384,Team Sports Standard 175,Sports,Team Sports,141.0557227038369,70.25569617951709,SUP_27,871,2022-09-20
PROD_0385,Puzzles Lite 616,Toys,Puzzles,237.50337686799233,123.25414708954683,SUP_44,321,2022-04-21
PROD_0386,Tools Lite 882,Home & Garden,Tools,71.25327290515249,35.33145024834821,SUP_32,566,2022-01-02
PROD_0387,Tools Elite 386,Home & Garden,Tools,612.4088432338584,323.6014537500877,,455,2022-02-19
PROD_0388,Laptops Elite 796,Electronics,Laptops,243.283707159503,120.10357671661319,SUP_46,943,2023-01-31
PROD_0389,Kids Elite 221,Clothing,Kids,175.2759843561874,98.20511436163451,SUP_29,602,2023-03-25
PROD_0390,Kids Max 199,Clothing,Kids,79.23280456479148,53.392236269388285,SUP_32,789,2023-03-06
PROD_0391,Puzzles Lite 482,Toys,Puzzles,82.22208685037401,60.62138899076768,SUP_11,612,2022-06-20
PROD_0392,Women Standard 671,Clothing,Women,382.12737648801294,296.48864321686847,SUP_6,154,2023-02-28
PROD_0393,Water Sports Standard 873,Sports,Water Sports,535.5239182324915,347.22185427463177,SUP_37,888,2023-05-20
PROD_0394,Shoes Max 303,Clothng,Shoes,257.93372856508023,204.71570434755648,SUP_2,-50,2023-01-23
PROD_0395,Educational Elite 621,Toys,Educational,-25.0,245.14956998011587,SUP_49,450,2022-12-26
PROD_0396,Kids Lite 612,Clothing,Kids,543.0608877135295,346.1241906316622,SUP_15,875,2023-07-14
PROD_0397,Water Sports Pro 146,Sports,Water Sports,42.0666332660114,18.51609719088502,SUP_19,652,2023-01-20
PROD_0398,Accessories Pro 240,Electronics,Accessories,218.24727052489555,168.3340219644365,SUP_3,172,2022-04-14
PROD_0399,Educational Basic 441,Toys,Educational,727.4310217298317,486.81789655446977,SUP_18,9,2023-05-06
PROD_0400,Smartphones Lite 631,Electroniks,Smartphones,632.4481380048552,294.2549925507793,SUP_15,739,2023-08-15
PROD_0401,Smartphones Lite 252,,Smartphones,266.24020952577484,134.5700441497717,SUP_35,-50,2023-10-29
PROD_0402,Accessories Elite 627,Electronics,Accessories,341.0488145785955,265.64772285174445,SUP_19,437,2022-08-19
PROD_0403,Decor Max 435,Home & Garden,Decor,416.35965882337786,177.90020917924852,SUP_11,759,2022-06-16
PROD_0404,Kitchen Elite 426,Home & Garden,Kitchen,633.7913351931668,270.8000445248866,SUP_50,246,2023-04-08
PROD_0405,Laptops Max 502,Electronics,Laptops,116.6961162159619,71.61334078525792,SUP_30,666,2022-03-17
PROD_0406,Educational Elite 857,Toys,Educational,123.23914181955071,75.03018037144592,SUP_37,545,2022-02-04
PROD_0407,Water Sports Standard 707,Sports,Water Sports,199.69355381384796,80.3357573993025,SUP_48,498,2022-10-29
PROD_0408,Water Sports Standard 619,sports,Water Sports,947.6242155553791,470.51169804415247,,128,2022-01-21
PROD_0409,Shoes Elite 645,Clothing,Shoes,697.9003089040082,369.1204699872575,SUP_50,671,2022-11-23
PROD_0410,Board Games Lite 825,Toys,Board Games,205.07270356041275,89.56712838453724,,600,2022-09-25
PROD_0411,Kitchen Elite 406,Home & Garden,Kitchen,160.68670438684697,102.29105104514471,SUP_36,604,2022-04-18
PROD_0412,Laptops Lite 935 é,Electronics,Laptops,647.1080722577326,368.1064426867294,SUP_33,326,2022-03-17
PROD_0413,Women Pro 477,Clothing,Women,133.94288893512856,86.52028394816523,SUP_8,752,2022-12-17
PROD_0414,Team Sports Standard 789,Sports,Team Sports,278.09402856809675,124.93503373406605,SUP_37,834,2022-06-24
PROD_0415,Furniture Pro 526,home & garden,Furniture,937.7384131420952,482.03994808199553,,979,2023-01-20
PROD_0416,Kitchen Elite 415,Home & Garden,Kitchen,277.8298524342677,135.1001971169316,SUP_18,403,2022-06-14
PROD_0417,Laptops Basic 993,Electronics,Laptops,510.65718113519887,334.1998516818619,SUP_50,628,2022-03-18
PROD_0418,Water Sports Basic 744,,Water Sports,727.583964730035,489.5293308262599,SUP_35,605,2023-07-15
PROD_0419,Action Figures Pro 711,toys,Action Figures,354.8770867807342,193.4054158984984,SUP_24,674,2022-04-06
PROD_0420,Decor Lite 371,Home & Garden,Decor,-25.0,18.582835522410498,SUP_35,610,2022-12-13
PROD_0421,Accessories Basic 901,Electronics,Accessories,244.07296874247345,-10.0,SUP_49,624,2023-09-01
PROD_0422,Board Games Elite 691,Toys,Board Games,518.2585199463098,417.1298237574357,SUP_3,358,2023-09-21
PROD_0423,Fitness Max 838,Sports,Fitness,1010.040969584996,433.658329617968,,602,2023-05-10
PROD_0424,Kitchen Pro 697,Home & Garden,Kitchen,496.39757995504505,386.5744886166577,SUP_47,857,2022-02-01
PROD_0425,Educational Lite 274,toys,Educational,159.80235853259924,65.42381134752078,,717,2023-03-18
PROD_0426,Educational Elite 744,,Educational,492.827382636937,399.80008213123756,SUP_35,-50,2023-11-01
PROD_0427,Puzzles Basic 734,Toys,Puzzles,967.6012496183499,460.1521205268171,SUP_14,273,2022-06-18
PROD_0428,Furniture Lite 251,,Furniture,397.67856183985157,304.2986758476557,SUP_28,684,2023-09-14
PROD_0429,Tools Basic 348,Home & Garden,Tools,1122.8762223641354,471.02892460565175,SUP_7,115,2023-03-21
PROD_0430,Shoes Pro 686,Clothing,Shoes,748.8341948213481,415.15105301881994,SUP_48,860,2022-06-10
PROD_0431,Team Sports Basic 212,Sports,Team Sports,464.39552979683185,336.81604332554457,,979,2022-02-24
PROD_0432,Accessories Max 119,Electronics,Accessories,481.12220774200205,292.8207659887566,SUP_49,692,2022-04-14
PROD_0433,Action Figures Lite 421,Toys,Action Figures,255.70194307723014,180.80109694856554,SUP_16,90,2022-12-06
PROD_0434,Men Lite 255,Clothing,Men,125.18686439612222,88.05084816897451,SUP_20,81,2022-07-30
PROD_0435,Smartphones Lite 807,,Smartphones,745.397211512879,306.42742211836503,SUP_3,323,2022-07-14
PROD_0436,Kids Max 520,,Kids,295.06115600325114,165.87466127287854,SUP_29,-50,2023-02-24
PROD_0437,Decor Elite 893,Home & Garden,Decor,-25.0,434.55494708854627,SUP_17,113,2023-07-22
PROD_0438,Action Figures Elite 582,Toys,Action Figures,1009.1110106993928,496.73509930572794,,-50,2023-07-08
PROD_0439,Accessories Basic 844,Electroniks,Accessories,787.4298448138094,378.68960368163056,SUP_6,57,2022-09-29
PROD_0440,Laptops Pro 822,Electronics,Laptops,74.50564515773276,54.336030690654866,,153,2023-11-08
PROD_0441,Laptops Max 631,Electroniks,Laptops,227.85634390662025,151.45594181001266,SUP_8,876,2022-10-16
PROD_0442,Accessories Max 674,Electronics,Accessories,141.0655969077674,63.46371956521737,SUP_50,-50,2022-11-01
PROD_0443,Smartphones Standard 778,Electronics,Smartphones,809.382949152349,328.7507074179407,SUP_16,627,2022-09-01
PROD_0444,Kids Lite 638,Clothing,Kids,593.3821020234078,384.94352363233446,SUP_14,854,2022-04-09
PROD_0445,Action Figures Lite 421,Toys,Action Figures,719.9590384338495,463.58066713154875,SUP_48,265,2022-02-20
PROD_0446,Furniture Max 570,Home & Garden,Furniture,407.7860567068683,224.70444974187396,SUP_38,314,2023-02-07
PROD_0447,Tools Elite 450,Home & Garden,Tools,1119.6965856203278,451.6740682983377,SUP_45,714,2023-08-09
PROD_0448,Furniture Elite 462,Home & Garden,Furniture,-25.0,440.16666793025047,SUP_23,40,2023-07-17
PROD_0449,Tools Basic 890,Home & Garden,Tools,286.0318848546473,165.42590121504531,SUP_46,104,2023-05-18
PROD_0450,Kids Basic 797,Clothing,Kids,1027.9278130598618,435.7613065148798,SUP_40,900,2022-06-07
PROD_0451,Team Sports Basic 922,Sports,Team Sports,233.63227005554452,194.07940342204597,SUP_41,889,2022-02-25
PROD_0452,Puzzles Basic 370,Toys,Puzzles,194.596062740903,155.46594453453758,SUP_28,192,2023-01-05
PROD_0453,Smartphones Elite 595,Electronics,Smartphones,651.2686436366912,328.0465828092526,SUP_11,400,2022-01-04
PROD_0454,Outdoor Max 352,Sports,Outdoor,406.68883639381573,170.90680166368972,SUP_40,277,2023-03-14
PROD_0455,Kitchen Standard 671,Home & Garden,Kitchen,481.55520840028197,318.80228668128063,SUP_9,353,2022-03-31
PROD_0456,Outdoor Standard 330,Sports,Outdoor,559.1248317202428,308.81758469436033,SUP_14,748,2022-10-29
PROD_0457,Board Games Standard 889,Toys,Board Games,510.83490842254395,286.0850744007448,SUP_14,936,2023-11-09
PROD_0458,Smartphones Standard 821,Electronics,Smartphones,356.4493072683849,196.40565507407086,SUP_4,732,2023-10-03
PROD_0459,Laptops Max 806,Electronics,Laptops,560.1154398274734,278.7648636092236,SUP_37,-50,2023-09-07
PROD_0460,Puzzles Basic 600,toys,Puzzles,547.3245544324599,302.2778827428566,SUP_23,708,2023-05-07
PROD_0461,Board Games Standard 591,Toys,Board Games,494.2220423323401,277.38657536278197,SUP_35,255,2022-07-24
PROD_0462,Kitchen Standard 673,Home & Garden,Kitchen,413.75315884529726,227.76553184808876,SUP_18,650,2022-04-10
PROD_0463,Smartphones Basic 380,Electronics,Smartphones,33.82593075978043,17.186857952669268,SUP_39,823,2022-01-27
PROD_0464,Outdoor Standard 224,,Outdoor,564.9917930996717,-10.0,SUP_35,946,2022-07-31
PROD_0465,Shoes Elite 792,Clothng,Shoes,213.7970674841199,92.53774871993262,SUP_11,660,2022-06-24
PROD_0466,Kids Elite 488,Clothng,Kids,410.7382250704437,324.86222478412293,SUP_21,98,2023-10-16
PROD_0467,Puzzles Lite 938,Toys,Puzzles,872.4050015870098,382.07872068220433,SUP_46,587,2022-10-26
PROD_0468,Tools Standard 891,Home & Garden,Tools,586.2622401224738,-10.0,SUP_19,281,2022-03-25
PROD_0469,Men Max 397,Clothing,Men,433.04527360515084,275.7581958400718,SUP_19,-50,2023-04-30
PROD_0470,Accessories Pro 394,Electronics,Accessories,858.0172627224422,476.22449423633566,SUP_37,402,2022-04-29
PROD_0471,Educational Basic 180,Toys,Educational,752.4907786400053,425.11200707256137,SUP_18,108,2022-11-12
PROD_0472,Outdoor Standard 552,Sports,Outdoor,679.6649788001587,457.97589281622027,SUP_33,699,2023-02-12
PROD_0473,Action Figures Basic 362,Toys,Action Figures,701.3401712326494,408.74548127659733,SUP_44,198,2023-04-28
PROD_0474,Water Sports Basic 590,,Water Sports,79.7006933440666,63.369987504898404,SUP_7,302,2023-05-16
PROD_0475,Educational Max 306,Toys,Educational,129.58638337994907,83.0060094253954,,326,2023-11-08
PROD_0476,Educational Elite 377,Toys,Educational,606.2353400443626,268.0456606617902,SUP_49,153,2022-09-29
PROD_0477,Puzzles Elite 812 é,Toys,Puzzles,204.9923778916402,130.57413281101913,SUP_27,551,2022-04-04
PROD_0478,Team Sports Standard 240,,Team Sports,551.3861864181122,243.58078277016799,SUP_4,644,2023-10-20
PROD_0479,Water Sports Pro 730,Sports,Water Sports,384.3410830602947,203.2390086709916,,404,2023-07-12
PROD_0480,Educational Basic 700,Toys,Educational,654.4253727500716,279.2129768309221,SUP_42,461,2023-02-01
PROD_0481,Women Max 348,Clothing,Women,732.0920789950037,375.96910090655314,SUP_9,131,2022-07-09
PROD_0482,Kitchen Pro 785,Home & Garden,Kitchen,446.61615829559025,360.59054447864446,,790,2023-01-15
PROD_0483,Kitchen Elite 331,,Kitchen,551.5232986057349,-10.0,SUP_9,873,2023-01-26
PROD_0484,Furniture Basic 338,Home & Garden,Furniture,519.6476234692269,412.97277522035847,SUP_16,83,2023-01-14
PROD_0485,Outdoor Pro 202,Sports,Outdoor,394.8751469345454,221.12242485363635,SUP_10,398,2022-07-11
PROD_0486,Water Sports Lite 438,Sports,Water Sports,1082.2455857667267,449.39000202165994,,753,2023-04-02
PROD_0487,Kids Basic 583,Clothing,Kids,63.56162276211237,44.927332327030314,SUP_21,627,2022-02-15
PROD_0488,Tools Pro 797,Home & Garden,Tools,815.4970049790514,477.78341471632064,SUP_16,108,2022-09-27
PROD_0489,Tools Max 105,Home & Garden,Tools,710.8282889660649,330.7996099013606,SUP_49,220,2023-03-27
PROD_0490,Action Figures Elite 261,Toys,Action Figures,460.55455249849365,-10.0,SUP_44,903,2023-04-22
PROD_0491,Water Sports Lite 768,Sports,Water Sports,220.91072447158615,106.6055220207099,SUP_26,552,2022-09-27
PROD_0492,Tools Lite 588,Home & Garden,Tools,375.9207223037683,244.79978242736397,,367,2022-08-20
PROD_0493,Men Basic 304,Clothng,Men,218.77681091230443,105.33357836079747,,146,2022-10-03
PROD_0494,Men Standard 428,Clothing,Men,145.09969791877168,91.50248779413965,SUP_37,111,2023-08-01
PROD_0495,Kitchen Standard 761,Home & Garden,Kitchen,666.8669131711413,312.50236113235735,SUP_41,614,2022-03-05
PROD_0496,Team Sports Pro 887,Sports,Team Sports,649.8648279475613,266.3115150450745,,557,2022-06-04
PROD_0497,Women Pro 767,Clothing,Women,723.3222247702743,338.34705695936145,,923,2023-11-15
PROD_0498,Educational Elite 337,Toys,Educational,1080.7881097938714,465.5068799367747,SUP_27,493,2022-04-10
PROD_0499,Women Elite 856,Clothing,Women,325.7096629198709,270.80750453612967,,504,2022-03-29
PROD_0500,Smartphones Basic 970,Electroniks,Smartphones,628.4567175787454,294.6567060987709,SUP_29,474,2023-11-16
PROD_0501,Audio Pro 279,Electroniks,Audio,122.84772024257109,53.91690618592163,,835,2022-12-19
PROD_0502,Outdoor Lite 957,Sports,Outdoor,453.03788345361215,361.64153509522845,SUP_41,889,2023-07-09
PROD_0503,Furniture Max 137,Home & Garden,Furniture,480.50550305143594,205.95355133403655,SUP_50,270,2023-02-28
PROD_0504,Fitness Lite 906,Sports,Fitness,749.3599342094376,488.5953669446636,SUP_6,994,2023-08-27
PROD_0505,Team Sports Lite 290,Sports,Team Sports,853.528914505361,413.3552676418735,SUP_26,420,2022-08-21
PROD_0506,Water Sports Basic 993,Sports,Water Sports,595.997914484412,266.015709852898,SUP_33,-50,2023-07-21
PROD_0507,Fitness Standard 997,,Fitness,145.08397276255366,70.37910054436136,SUP_48,706,2022-03-04
PROD_0508,Educational Pro 109,Toys,Educational,569.0573007064951,431.11373870748866,SUP_18,366,2023-02-01
PROD_0509,Board Games Standard 681,Toys,Board Games,793.8257574723718,401.8927367577706,SUP_45,279,2023-06-20
PROD_0510,Men Elite 209,Clothing,Men,192.30108989295638,100.44671347314616,SUP_24,282,2023-03-05
PROD_0511,Audio Standard 391,Electronics,Audio,366.67128179795486,154.68636171795194,,39,2023-07-03
PROD_0512,Team Sports Lite 756,Sports,Team Sports,688.0815148098271,398.7695564924403,SUP_32,958,2023-05-02
PROD_0513,Shoes Elite 636,Clothng,Shoes,162.9729065841913,100.76193880823074,SUP_21,188,2023-08-10
PROD_0514,Smartphones Lite 237,Electroniks,Smartphones,999.7555309176594,459.6987196939749,SUP_38,163,2022-08-30
PROD_0515,Decor Elite 579,Home & Garden,Decor,378.58420519319435,218.01843834621732,SUP_1,-50,2023-05-03
PROD_0516,Board Games Standard 297,Toys,Board Games,107.40019976894504,52.64909166795273,SUP_50,988,2022-11-03
PROD_0517,Audio Pro 438,Electronics,Audio,835.9801330317157,409.71683531709766,SUP_47,535,2022-03-22
PROD_0518,Tools Max 848,Home & Garden,Tools,454.45548914599544,193.01974468880994,SUP_6,535,2023-02-09
PROD_0519,Smartphones Lite 763,Electronics,Smartphones,530.153977305348,267.9846051353527,SUP_47,3,2022-02-05
PROD_0520,Educational Standard 835,,Educational,120.48594980214628,65.02912876149739,SUP_30,834,2023-05-30
PROD_0521,Puzzles Max 114,Toys,Puzzles,-25.0,11.266167274041369,,289,2023-08-08
PROD_0522,Kids Basic 445,Clothing,Kids,435.67525697239745,322.61275083871584,SUP_43,952,2023-06-14
PROD_0523,Team Sports Standard 681,Sports,Team Sports,367.57236134463386,262.4358334635285,SUP_45,432,2023-08-09
PROD_0524,Laptops Basic 875,Electronics,Laptops,428.20788189276067,-10.0,,470,2023-11-25
PROD_0525,Accessories Max 279,Electronics,Accessories,809.5339057138016,398.934486686453,SUP_5,180,2023-09-28
PROD_0526,Furniture Elite 976,Home & Garden,Furniture,707.0382939960466,326.83689757720146,SUP_35,247,2022-05-31
PROD_0527,Board Games Basic 515,toys,Board Games,180.6609924550997,95.63898698541482,SUP_26,627,2022-05-04
PROD_0528,Smartphones Lite 627,Electronics,Smartphones,425.429773397839,186.77853436419392,SUP_14,278,2023-04-05
PROD_0529,Puzzles Standard 188,Toys,Puzzles,1129.5614472887119,453.8866413460026,SUP_28,876,2022-06-27
PROD_0530,Audio Lite 785,Electroniks,Audio,877.566756667881,387.2729031233227,SUP_14,580,2022-06-21
PROD_0531,Men Pro 289,Clothing,Men,594.7259283451359,282.75215838899146,SUP_32,862,2022-08-05
PROD_0532,Water Sports Max 588,Sports,Water Sports,255.95589730747204,135.26604892654342,SUP_18,253,2022-07-17
PROD_0533,Laptops Standard 354,Electronics,Laptops,281.8116244696873,158.0096458990496,SUP_21,180,2022-05-10
PROD_0534,Educational Pro 367,Toys,Educational,482.8370072567794,368.65945311696095,SUP_19,829,2022-02-13
PROD_0535,Men Lite 341,Clothing,Men,734.2191974153228,427.0753878178577,,680,2023-03-10
PROD_0536,Accessories Lite 871,Electronics,Accessories,807.8917779660582,338.9980880700011,SUP_36,824,2022-03-22
PROD_0537,Tools Standard 437,Home & Garden,Tools,915.18142992611,406.66968812653647,SUP_37,508,2023-12-01
PROD_0538,Team Sports Standard 696,Sports,Team Sports,571.1133108124415,385.6615062481989,,760,2023-03-22
PROD_0539,Accessories Basic 686,Electroniks,Accessories,150.5882188324272,83.35494429890929,SUP_37,699,2022-07-26
PROD_0540,Kids Pro 367,Clothing,Kids,492.4553767291571,217.73295832751796,SUP_32,565,2023-10-05
PROD_0541,Furniture Basic 468,Home & Garden,Furniture,109.397144860749,84.96206240599571,SUP_22,325,2022-06-01
PROD_0542,Women Basic 341,Clothing,Women,213.40349563308732,125.26543655297256,SUP_44,356,2023-09-02
PROD_0543,Shoes Pro 783,,Shoes,1005.8787458421932,435.93721607901574,,824,2022-09-22
PROD_0544,Furniture Pro 576,Home & Garden,Furniture,416.97818299938575,241.71706316025924,SUP_4,649,2022-11-24
PROD_0545,Kids Standard 263,Clothng,Kids,354.2679418606721,272.3254699029038,SUP_3,679,2022-03-10
PROD_0546,Decor Lite 802,Home & Garden,Decor,185.6490993373289,97.43852296160834,SUP_7,390,2022-03-31
PROD_0547,Laptops Elite 820,Electronics,Laptops,378.23380454808336,163.01317516391006,,614,2023-02-02
PROD_0548,Kitchen Standard 806,Home & Garden,Kitchen,241.6337562480797,122.82062252965626,SUP_30,933,2023-07-24
PROD_0549,Tools Pro 754,home & garden,Tools,165.89872399665884,111.03122061402894,SUP_2,84,2023-02-11
PROD_0550,Water Sports Standard 476,Sports,Water Sports,548.2637523401308,322.60078872482535,SUP_8,316,2023-07-20
PROD_0551,Furniture Elite 326,Home & Garden,Furniture,242.55524724704594,135.87308534640027,SUP_11,211,2022-11-30
PROD_0552,Decor Max 236,Home & Garden,Decor,624.3646483941372,319.68758815000507,SUP_29,514,2022-10-10
PROD_0553,Laptops Lite 256,Electronics,Laptops,84.51775927437802,38.64276091319141,SUP_30,383,2023-06-17
PROD_0554,Fitness Lite 865 é,Sports,Fitness,105.57800537490591,79.46945282827991,SUP_1,690,2023-04-15
PROD_0555,Educational Elite 482,toys,Educational,340.57939877043015,144.52472446006144,SUP_28,341,2022-01-13
PROD_0556,Accessories Lite 818,Electronics,Accessories,367.9052258127104,302.5529892788889,SUP_13,814,2023-10-01
PROD_0557,Laptops Elite 582,Electronics,Laptops,-25.0,341.16221009281423,,963,2023-08-25
PROD_0558,Action Figures Elite 921,Toys,Action Figures,280.4068615205484,226.93131372196828,SUP_9,987,2023-06-20
PROD_0559,Decor Basic 945,Home & Garden,Decor,390.82614684898505,228.4375481428422,SUP_42,843,2023-03-06
PROD_0560,Women Max 880,clothing,Women,687.5230488213684,365.01325718532286,SUP_20,37,2022-04-26
PROD_0561,Water Sports Max 796,Sports,Water Sports,33.11140313918838,17.752334965135397,SUP_11,510,2023-03-01
PROD_0562,Shoes Elite 994,Clothing,Shoes,250.7008936139419,177.13411199236808,SUP_18,419,2022-06-03
PROD_0563,Educational Pro 638,Toys,Educational,838.5586393964552,411.16645798842404,SUP_6,750,2022-06-01
PROD_0564,Accessories Lite 640,Electronics,Accessories,384.48128689287705,305.5775110045524,SUP_42,168,2023-08-04
PROD_0565,Smartphones Basic 470,Electroniks,Smartphones,-25.0,175.241295050156,SUP_24,964,2023-08-26
PROD_0566,Water Sports Pro 677,Sports,Water Sports,1102.7977283995688,453.7071482415402,SUP_17,908,2023-08-20
PROD_0567,Laptops Pro 163,Electronics,Laptops,637.9400146182899,388.58513645019747,SUP_6,342,2022-04-13
PROD_0568,Accessories Elite 617,Electronics,Accessories,261.76078056795103,139.7987691459994,SUP_24,825,2022-04-19
PROD_0569,Water Sports Max 686,Sports,Water Sports,552.1071863544438,326.1920203876013,SUP_43,305,2023-07-31
PROD_0570,Team Sports Elite 253,sports,Team Sports,364.93521083177757,301.91785681258875,SUP_42,-50,2022-04-14
PROD_0571,Action Figures Max 435,Toys,Action Figures,351.5276770461517,206.58207787910152,SUP_11,701,2022-10-20
PROD_0572,Audio Elite 552,Electroniks,Audio,423.1279580422769,189.80847881035234,SUP_4,868,2023-07-03
PROD_0573,Smartphones Pro 796,Electroniks,Smartphones,352.1923936199651,178.34463264009494,SUP_26,536,2022-12-19
PROD_0574,Puzzles Max 834,Toys,Puzzles,416.0121109366173,312.40633386386696,SUP_41,111,2023-02-25
PROD_0575,Kitchen Elite 600,Home & Garden,Kitchen,521.88658104162,-10.0,SUP_20,410,2022-09-28
PROD_0576,Decor Pro 622,Home & Garden,Decor,789.4600465251528,417.6129254931968,SUP_47,946,2023-01-28
PROD_0577,Tools Lite 928,Home & Garden,Tools,775.6947871487916,338.10528190564133,SUP_45,205,2023-11-02
PROD_0578,Action Figures Pro 564,Toys,Action Figures,86.50946281843962,44.266486797622726,SUP_49,184,2023-05-13
PROD_0579,Audio Max 625,Electroniks,Audio,623.9286260035612,323.68242967580136,SUP_15,381,2023-08-09
PROD_0580,Educational Lite 567,Toys,Educational,190.9835250648986,142.86224388509055,SUP_28,495,2023-09-16
PROD_0581,Action Figures Elite 159,toys,Action Figures,425.94771735651824,300.4778759101771,SUP_42,378,2023-04-30
PROD_0582,Kitchen Elite 573,home & garden,Kitchen,845.6780530396445,343.26464624069115,SUP_6,46,2022-02-08
PROD_0583,Kids Basic 926,Clothing,Kids,184.29416940985237,123.10630268546592,SUP_46,885,2022-06-26
PROD_0584,Smartphones Standard 840,Electronics,Smartphones,577.7968564120864,233.86073599138064,SUP_7,-50,2022-10-10
PROD_0585,Furniture Pro 505,Home & Garden,Furniture,195.3133521403321,103.25918278134323,SUP_1,550,2023-02-17
PROD_0586,Shoes Standard 936,Clothing,Shoes,49.067704919262276,35.64604913538907,SUP_14,527,2022-05-28
PROD_0587,Men Pro 863,clothing,Men,259.77578224505277,195.45344750807584,SUP_31,503,2023-09-26
PROD_0588,Outdoor Max 692,Sports,Outdoor,276.41489826698074,187.84269320453606,,21,2023-09-16
PROD_0589,Laptops Pro 146,Electronics,Laptops,1196.341950358901,497.78544044508595,SUP_9,212,2023-11-29
PROD_0590,Men Lite 452,Clothing,Men,397.5929975232251,228.71265208684466,SUP_38,309,2023-02-16
PROD_0591,Tools Basic 165,Home & Garden,Tools,297.30291767867107,173.4490792413782,SUP_15,660,2022-02-09
PROD_0592,Outdoor Elite 161,sports,Outdoor,473.20294028280654,294.43275329117057,SUP_34,967,2023-02-10
PROD_0593,Smartphones Pro 583,Electroniks,Smartphones,74.42261913936686,53.49602311280655,SUP_44,752,2022-12-06
PROD_0594,Board Games Pro 393,Toys,Board Games,882.6499285372402,481.21621061785845,SUP_29,271,2022-09-01
PROD_0595,Furniture Lite 284,,Furniture,-25.0,321.13042233960624,SUP_1,-50,2022-02-20
PROD_0596,Women Max 884,Clothing,Women,868.4312563075655,379.8705317710154,SUP_1,798,2023-05-02
PROD_0597,Women Basic 846,Clothng,Women,157.2792442209345,93.53418970521959,SUP_45,937,2022-10-03
PROD_0598,Decor Basic 530,Home & Garden,Decor,355.4082092172688,210.64414797254992,SUP_22,201,2023-01-17
PROD_0599,Kids Standard 491,Clothing,Kids,394.3309186560108,-10.0,SUP_8,31,2022-01-21
PROD_0600,Outdoor Lite 990,Sports,Outdoor,733.4925788557975,412.68515751153257,SUP_28,442,2022-12-12
PROD_0601,Laptops Lite 484,Electronics,Laptops,26.444035646160142,10.605973082110626,SUP_45,161,2022-11-07
PROD_0602,Team Sports Pro 799,Sports,Team Sports,300.510291026539,157.41802309309497,SUP_9,766,2022-11-15
PROD_0603,Women Basic 995,Clothing,Women,645.243870927774,-10.0,SUP_31,253,2022-10-15
PROD_0604,Board Games Elite 236,Toys,Board Games,482.7047445401106,242.69440631804713,SUP_5,520,2023-05-19
PROD_0605,Audio Basic 980,Electroniks,Audio,275.83247810845796,197.43787731956405,SUP_15,976,2022-04-11
PROD_0606,Smartphones Standard 221,Electroniks,Smartphones,85.22314622608194,68.71621098864671,SUP_25,650,2022-08-22
PROD_0607,Furniture Max 650,Home & Garden,Furniture,1199.8155701857418,487.34066802772765,SUP_6,479,2022-05-18
PROD_0608,Furniture Lite 641,Home & Garden,Furniture,43.699375084018,19.81291440365399,SUP_47,9,2022-11-04
PROD_0609,Board Games Max 845,Toys,Board Games,918.4466975408503,371.21831025354913,SUP_7,725,2023-03-30
PROD_0610,Laptops Max 954,Electronics,Laptops,704.1174735863643,386.6139043463691,,504,2022-11-25
PROD_0611,Educational Pro 874,Toys,Educational,244.80083075368344,129.39179087129463,SUP_21,784,2022-10-03
PROD_0612,Decor Pro 405,Home & Garden,Decor,481.0763875956046,339.0636373703883,SUP_24,835,2023-03-03
PROD_0613,Tools Lite 789,Home & Garden,Tools,84.46803213078333,55.53528074590106,SUP_20,559,2023-09-12
PROD_0614,Laptops Basic 657,Electroniks,Laptops,311.3482335195258,135.95316055171912,SUP_9,435,2023-10-24
PROD_0615,Outdoor Lite 644,Sports,Outdoor,658.6840673113617,396.0719742632098,SUP_25,110,2022-04-02
PROD_0616,Kids Lite 943,Clothing,Kids,986.5979834747857,433.6962340964347,,152,2022-07-12
PROD_0617,Furniture Max 353,Home & Garden,Furniture,653.8250526823384,308.15834220329776,SUP_49,634,2023-03-29
PROD_0618,Decor Lite 454,Home & Garden,Decor,369.5249305517358,258.35083159203646,SUP_9,916,2022-08-05
PROD_0619,Water Sports Max 382,Sports,Water Sports,163.76152982207722,88.05897010330035,SUP_42,-50,2023-02-21
PROD_0620,Fitness Max 996,Sports,Fitness,85.1454245375581,40.92342620878358,SUP_44,101,2023-05-12
PROD_0621,Action Figures Basic 883,Toys,Action Figures,101.84737282012452,67.64802395204373,SUP_10,752,2023-06-13
PROD_0622,Puzzles Pro 132,Toys,Puzzles,-25.0,121.4050770470884,SUP_5,832,2023-01-18
PROD_0623,Shoes Basic 529,Clothng,Shoes,338.5672853552501,177.4205059294912,SUP_34,190,2022-02-27
PROD_0624,Kids Elite 884,clothing,Kids,278.21717430140365,196.64566750038375,SUP_37,728,2023-06-12
PROD_0625,Laptops Pro 346 é,Electronics,Laptops,351.8264232965555,179.69766660861174,SUP_1,562,2022-06-12
PROD_0626,Puzzles Max 168,,Puzzles,317.79547999435283,127.13711277666015,SUP_40,803,2022-03-09
PROD_0627,Decor Pro 708,home & garden,Decor,362.548113652917,259.7648809083321,SUP_42,80,2022-11-15
PROD_0628,Action Figures Pro 557,Toys,Action Figures,937.261112155385,414.3901930341194,SUP_11,488,2023-06-03
PROD_0629,Tools Elite 788,Home & Garden,Tools,216.09718199649762,147.05473385102482,SUP_29,894,2023-02-18
PROD_0630,Water Sports Basic 993,sports,Water Sports,1045.9627452697248,471.76963936009423,SUP_23,87,2022-05-19
PROD_0631,Action Figures Pro 350,Toys,Action Figures,943.7285205398674,437.93496424468543,SUP_47,193,2023-06-21
PROD_0632,Fitness Basic 145,,Fitness,141.98728723045576,89.2644635625337,SUP_14,103,2023-08-06
PROD_0633,Shoes Lite 549,Clothng,Shoes,641.7570078888226,395.2752188109763,SUP_41,782,2022-01-30
PROD_0634,Shoes Max 652,Clothing,Shoes,650.2326274270845,291.54781733570564,,95,2022-06-27
PROD_0635,Accessories Max 872,Electronics,Accessories,517.6847147700245,287.6219274639951,SUP_10,422,2022-07-17
PROD_0636,Action Figures Pro 243,Toys,Action Figures,433.4763405414636,201.61095389850547,SUP_27,890,2022-07-25
PROD_0637,Water Sports Elite 396,Sports,Water Sports,355.8433968785458,255.56496959918476,SUP_40,-50,2022-03-01
PROD_0638,Kitchen Max 935,home & garden,Kitchen,472.3239475227742,-10.0,SUP_44,0,2022-09-13
PROD_0639,Men Basic 689,Clothing,Men,583.013326792078,274.468983192372,,406,2022-02-03
PROD_0640,Men Standard 691,Clothing,Men,755.8058053796957,317.69552585859157,SUP_14,377,2023-04-13
PROD_0641,Tools Elite 891,home & garden,Tools,467.069588888725,340.4088651404337,SUP_6,166,2022-02-21
PROD_0642,Outdoor Basic 938,Sports,Outdoor,533.9530262730669,270.91578435411884,SUP_7,508,2023-01-05
PROD_0643,Fitness Standard 342,sports,Fitness,719.3081258266554,363.4968129910785,SUP_9,637,2022-07-23
PROD_0644,Board Games Standard 997,toys,Board Games,131.47586997809788,79.22624414499785,SUP_49,312,2022-10-08
PROD_0645,Educational Max 776,Toys,Educational,204.513794598041,113.87142054209689,SUP_8,592,2023-01-13
PROD_0646,Audio Elite 326,Electroniks,Audio,513.7186268522281,411.18015199639234,,417,2023-04-21
PROD_0647,Shoes Lite 407,clothing,Shoes,364.5798164952832,168.03870914474345,SUP_47,762,2023-06-02
PROD_0648,Educational Standard 162,Toys,Educational,40.61373236740225,21.217974238298922,SUP_25,680,2023-02-11
PROD_0649,Water Sports Elite 705,sports,Water Sports,108.8364296508526,85.35766333733524,,476,2023-10-13
PROD_0650,Kitchen Basic 279,Home & Garden,Kitchen,249.30361374222397,119.57107290319252,SUP_28,-50,2022-05-07
PROD_0651,Fitness Basic 795,Sports,Fitness,865.6245879505783,479.0882150683477,SUP_21,140,2023-11-29
PROD_0652,Men Lite 669,clothing,Men,361.9756601757749,290.79030017611615,SUP_9,581,2022-02-01
PROD_0653,Outdoor Lite 148,,Outdoor,1149.1425041920536,467.03806283336485,SUP_16,261,2022-09-05
PROD_0654,Accessories Standard 758,Electroniks,Accessories,710.269317329996,291.8300417433462,SUP_18,339,2023-01-17
PROD_0655,Shoes Basic 490,Clothing,Shoes,457.1422684034161,244.88367566754738,SUP_42,307,2023-05-16
PROD_0656,Decor Elite 426,Home & Garden,Decor,216.40954565151682,163.72656868510705,SUP_6,244,2023-09-01
PROD_0657,Accessories Basic 526,,Accessories,669.8348950704476,307.12176277235403,SUP_16,514,2023-04-02
PROD_0658,Kids Lite 252,Clothng,Kids,143.8626511892274,-10.0,,336,2022-07-01
PROD_0659,Kitchen Standard 485,Home & Garden,Kitchen,717.1678801458447,450.14819737342594,SUP_39,574,2023-05-01
PROD_0660,Accessories Max 872,,Accessories,765.644615697585,416.372878519229,SUP_39,560,2023-08-24
PROD_0661,Accessories Elite 584,Electronics,Accessories,311.1737532962223,165.59040945960115,SUP_47,75,2023-07-19
PROD_0662,Men Max 969,,Men,921.0879493418264,476.87078852463424,,879,2022-12-25
PROD_0663,Educational Max 407,Toys,Educational,734.8844792271485,-10.0,,174,2022-12-19
PROD_0664,Accessories Basic 247,Electronics,Accessories,668.7685259750662,336.4903740591695,SUP_50,108,2022-06-17
PROD_0665,Audio Lite 159,Electronics,Audio,166.79876657256045,69.66333645138465,SUP_45,182,2022-09-22
PROD_0666,Tools Elite 522,Home & Garden,Tools,408.27065572805964,244.3346712935554,SUP_2,191,2022-04-03
PROD_0667,Team Sports Lite 670,Sports,Team Sports,552.9896587334714,257.9927018749079,SUP_43,64,2022-10-19
PROD_0668,Women Elite 237,Clothng,Women,292.868004019342,123.95016559903625,SUP_20,848,2022-01-29
PROD_0669,Shoes Lite 348,clothing,Shoes,88.17403484805114,49.183043236057955,,962,2023-01-31
PROD_0670,Action Figures Standard 308,Toys,Action Figures,693.8883741093395,390.59457893112943,,473,2022-02-20
PROD_0671,Action Figures Standard 762,Toys,Action Figures,138.39049504904077,69.79717554095356,,782,2022-06-16
PROD_0672,Men Pro 560,Clothng,Men,593.0160893464607,301.2024677752696,,99,2023-08-09
PROD_0673,Action Figures Standard 194,Toys,Action Figures,1054.262936826256,468.86009520299365,SUP_13,543,2022-08-08
PROD_0674,Kitchen Elite 841,Home & Garden,Kitchen,799.259511234125,439.29154437304084,SUP_48,863,2022-08-15
PROD_0675,Men Max 152,Clothng,Men,364.5106020384537,146.09878563713795,SUP_26,127,2023-10-25
PROD_0676,Educational Standard 486,Toys,Educational,545.6806895390162,427.20983240012,SUP_19,451,2022-08-19
PROD_0677,Women Basic 719,Clothing,Women,12.237366600996562,10.162927999039809,SUP_42,-50,2023-11-25
PROD_0678,Fitness Elite 140,,Fitness,37.936210729062594,18.66702671049604,SUP_4,368,2022-07-31
PROD_0679,Audio Pro 292,Electronics,Audio,484.7281019110574,305.25105028300385,SUP_16,850,2022-10-03
PROD_0680,Men Elite 841,Clothing,Men,285.4855337873618,188.75112738081944,SUP_32,42,2023-10-30
PROD_0681,Accessories Basic 672,Electronics,Accessories,320.0755920209282,199.36581216798209,,883,2023-02-24
PROD_0682,Educational Max 590,Toys,Educational,439.2816191894547,286.5761344326524,SUP_8,418,2023-06-10
PROD_0683,Accessories Max 990,Electronics,Accessories,128.92983401187746,103.97340324001168,SUP_16,487,2022-01-21
PROD_0684,Men Standard 410,clothing,Men,280.190378629847,113.76012182608439,SUP_32,77,2023-11-30
PROD_0685,Team Sports Pro 316,Sports,Team Sports,367.9576166550266,247.4547776392437,SUP_41,825,2022-01-10
PROD_0686,Educational Max 859,Toys,Educational,817.7150493931877,379.5842367284929,,800,2023-05-01
PROD_0687,Kids Pro 864,Clothing,Kids,687.11427181998,313.553898189718,,269,2022-05-16
PROD_0688,Action Figures Lite 348,Toys,Action Figures,374.9405585838112,155.70397363605105,SUP_34,673,2023-10-25
PROD_0689,Decor Basic 718,Home & Garden,Decor,273.8097665856364,220.86521697937138,SUP_1,700,2022-06-27
PROD_0690,Smartphones Basic 309,Electronics,Smartphones,218.49089090982613,93.62573168949922,SUP_24,758,2023-09-08
PROD_0691,Kitchen Lite 345,Home & Garden,Kitchen,87.80017767857498,46.56860902517004,SUP_21,899,2022-01-09
PROD_0692,Women Elite 429,Clothing,Women,795.8205291741393,393.52105996463314,SUP_9,727,2022-08-18
PROD_0693,Fitness Standard 489,Sports,Fitness,285.3747574859273,140.03983050221535,SUP_25,314,2022-09-16
PROD_0694,Educational Lite 646,Toys,Educational,220.01560655638477,97.10553004711163,SUP_37,-50,2023-09-15
PROD_0695,Audio Basic 467,Electronics,Audio,569.8918755643602,348.89284722896645,SUP_27,850,2022-11-09
PROD_0696,Action Figures Standard 367,Toys,Action Figures,673.5455091513088,312.84532040072116,,901,2023-10-21
PROD_0697,Kids Standard 625,Clothng,Kids,604.3846573883609,320.2629167465974,,888,2022-10-09
PROD_0698,Board Games Lite 577,Toys,Board Games,272.5856490185403,122.15835637484066,SUP_44,992,2023-03-10
PROD_0699,Accessories Pro 922,Electronics,Accessories,308.4668505246316,123.99631389571368,SUP_12,-50,2023-01-21
PROD_0700,Men Basic 580,Clothng,Men,172.66223100289426,118.19328859496318,SUP_49,167,2022-12-24
PROD_0701,Educational Standard 308,Toys,Educational,237.18507151551594,95.13877187452431,SUP_31,338,2023-04-16
PROD_0702,Fitness Standard 420,Sports,Fitness,436.2472532190528,331.3045995552116,SUP_50,192,2022-09-16
PROD_0703,Women Lite 146,Clothing,Women,511.9153758574858,425.5277837722067,SUP_5,452,2022-08-12
PROD_0704,Kids Elite 984,Clothng,Kids,458.8486631503269,364.915560141564,SUP_2,282,2023-04-23
PROD_0705,Team Sports Max 859,Sports,Team Sports,654.6452037429565,398.12588054266615,SUP_38,335,2022-11-06
PROD_0706,Tools Max 116,Home & Garden,Tools,421.4483327223602,208.3512302517479,,389,2023-11-25
PROD_0707,Audio Standard 666,Electronics,Audio,426.2548532453416,330.4971397322791,SUP_1,999,2023-06-18
PROD_0708,Furniture Elite 693,Home & Garden,Furniture,221.64304743622498,183.57575781793952,SUP_17,524,2023-10-01
PROD_0709,Board Games Basic 527,Toys,Board Games,646.8667907502268,267.4972647646336,SUP_14,239,2023-02-11
PROD_0710,Outdoor Standard 256,Sports,Outdoor,558.0545763670865,246.00107480208254,SUP_3,831,2023-08-22
PROD_0711,Kitchen Max 437,Home & Garden,Kitchen,217.70544493265993,96.67470112048865,SUP_4,957,2022-04-15
PROD_0712,Men Max 488,Clothing,Men,469.17158649246846,199.6685925644591,SUP_26,482,2022-01-08
PROD_0713,Board Games Elite 953,Toys,Board Games,1017.6173380998223,482.27291498635196,SUP_33,658,2023-06-08
PROD_0714,Action Figures Max 611,toys,Action Figures,176.05438231341384,131.80432628032162,SUP_19,715,2023-11-10
PROD_0715,Furniture Elite 770,Home & Garden,Furniture,129.88139772938635,75.56383077694947,SUP_41,591,2023-01-19
PROD_0716,Decor Basic 445,Home & Garden,Decor,460.34393115989224,215.1045045957283,SUP_46,890,2023-07-29
PROD_0717,Water Sports Standard 881,Sports,Water Sports,621.4959579033297,397.2654905714726,SUP_33,-50,2023-10-25
PROD_0718,Accessories Lite 840,Electronics,Accessories,618.1492593840251,295.2526325921864,SUP_50,457,2023-09-01
PROD_0719,Kitchen Basic 857,Home & Garden,Kitchen,423.35863877290586,343.67766534673984,SUP_27,88,2023-09-16
PROD_0720,Tools Lite 571,Home & Garden,Tools,164.5126510241511,102.95047560559182,SUP_28,659,2022-10-17
PROD_0721,Women Max 850,Clothng,Women,599.5858489653162,313.28461457378353,SUP_45,94,2022-11-02
PROD_0722,Educational Standard 273,Toys,Educational,340.6899941206024,168.51519350662213,SUP_26,451,2023-12-02
PROD_0723,Audio Max 837,Electronics,Audio,816.7408868515906,418.80864931783606,,427,2022-04-21
PROD_0724,Kids Elite 600,Clothng,Kids,670.8034404574933,318.3564149452607,SUP_41,150,2023-05-09
PROD_0725,Fitness Max 655,,Fitness,129.77791562078065,107.439576109895,SUP_35,513,2022-03-07
PROD_0726,Fitness Basic 160,sports,Fitness,55.4616664217206,41.662173123602216,,375,2022-12-11
PROD_0727,Decor Elite 134,home & garden,Decor,71.96282928026142,30.890272550646042,SUP_40,21,2022-10-11
PROD_0728,Decor Pro 937,Home & Garden,Decor,400.54401222458756,191.99019814856896,SUP_10,882,2023-10-18
PROD_0729,Fitness Basic 149,Sports,Fitness,188.91323425721907,140.26705696061362,SUP_18,312,2022-11-29
PROD_0730,Furniture Pro 522 é,Home & Garden,Furniture,749.4116177734868,326.58416049662895,SUP_6,996,2022-10-11
PROD_0731,Audio Max 962,Electroniks,Audio,385.80515355694774,254.67357913952296,SUP_20,839,2022-09-25
PROD_0732,Kitchen Basic 336,Home & Garden,Kitchen,255.67989833365633,140.34944622263654,SUP_6,518,2023-11-03
PROD_0733,Puzzles Pro 824,Toys,Puzzles,115.4423968547304,83.1265111955863,,205,2023-10-30
PROD_0734,Kitchen Max 109,Home & Garden,Kitchen,153.56244532336612,72.3278837168503,SUP_14,951,2022-11-02
PROD_0735,Shoes Max 617,Clothing,Shoes,896.3852775480784,433.6835921488047,SUP_10,374,2022-07-12
PROD_0736,Accessories Lite 482,Electronics,Accessories,190.65209461452397,129.30420451838495,,450,2022-06-03
PROD_0737,Kids Pro 732,clothing,Kids,764.8619913533952,329.3382174763745,SUP_21,625,2023-06-14
PROD_0738,Women Basic 782,Clothng,Women,701.1375183874911,407.2361047132705,SUP_26,783,2022-09-04
PROD_0739,Action Figures Elite 594,Toys,Action Figures,491.3055754348142,310.8998424805207,SUP_38,594,2022-02-28
PROD_0740,Audio Basic 599,Electroniks,Audio,602.81164928193,431.18696350700344,,178,2023-09-07
PROD_0741,Accessories Pro 106,Electronics,Accessories,312.71766491949455,202.27292354895252,SUP_49,209,2023-02-18
PROD_0742,Laptops Elite 664,Electronics,Laptops,587.9618939390632,478.5488734179847,SUP_42,499,2023-11-08
PROD_0743,Audio Lite 112,Electronics,Audio,147.33964200762512,75.2410520472675,SUP_44,463,2022-11-24
PROD_0744,Accessories Pro 642,Electronics,Accessories,137.81624646267426,60.05326953219367,SUP_42,839,2023-11-29
PROD_0745,Educational Basic 381,Toys,Educational,636.7927311812431,332.75915164164735,SUP_5,123,2022-05-24
PROD_0746,Furniture Elite 393,Home & Garden,Furniture,700.9275823704529,471.98725929249827,,992,2022-01-27
PROD_0747,Women Pro 614,Clothng,Women,505.40951394608516,406.3528962018008,SUP_45,112,2023-11-03
PROD_0748,Accessories Basic 790,Electronics,Accessories,70.1708448076554,47.4442611246452,SUP_28,11,2023-05-25
PROD_0749,Furniture Lite 925,home & garden,Furniture,255.72961261316016,146.89017982801101,SUP_47,125,2022-10-30
PROD_0750,Furniture Max 209,Home & Garden,Furniture,1019.0581589311222,465.85625357053357,SUP_16,564,2022-09-23
PROD_0751,Women Pro 636,Clothing,Women,193.52024935688857,133.99863207238442,,330,2023-03-05
PROD_0752,Educational Max 346,toys,Educational,838.8577272757344,392.77350765559044,SUP_16,900,2023-02-19
PROD_0753,Outdoor Max 734,Sports,Outdoor,964.1160806830338,414.31477600506486,SUP_6,282,2023-02-02
PROD_0754,Outdoor Elite 358,Sports,Outdoor,452.49412838125335,252.77153069588107,SUP_28,139,2022-02-06
PROD_0755,Tools Standard 373,Home & Garden,Tools,452.0096836895201,199.3109658256746,,400,2023-08-21
PROD_0756,Kids Lite 180,Clothing,Kids,442.9202046572774,230.56097188568222,SUP_30,901,2023-08-09
PROD_0757,Team Sports Standard 515,Sports,Team Sports,245.84579114498936,121.21270023902844,SUP_40,96,2022-07-14
PROD_0758,Furniture Lite 678,Home & Garden,Furniture,839.9623372888258,445.80154890313366,SUP_39,516,2022-12-18
PROD_0759,Action Figures Max 813,Toys,Action Figures,415.9368868855884,230.80363179758137,SUP_4,568,2022-08-16
PROD_0760,Water Sports Max 407,sports,Water Sports,665.8416020520738,442.4051258234889,SUP_20,923,2023-07-02
PROD_0761,Kitchen Basic 947,Home & Garden,Kitchen,98.50235860025126,61.7898051540743,,845,2023-10-16
PROD_0762,Decor Pro 769,home & garden,Decor,779.4207506445001,494.25488279006436,SUP_48,68,2023-05-03
PROD_0763,Smartphones Basic 877,Electronics,Smartphones,439.02038611850304,227.20381284737294,SUP_43,117,2023-11-19
PROD_0764,Puzzles Pro 195,Toys,Puzzles,45.3386974202513,33.43710199311168,SUP_48,887,2023-01-03
PROD_0765,Smartphones Lite 488,Electroniks,Smartphones,68.4797576978822,28.630705636352907,SUP_12,58,2023-06-04
PROD_0766,Kids Lite 665,Clothng,Kids,802.6902937025541,375.6415561661009,,32,2022-11-04
PROD_0767,Laptops Lite 157,Electronics,Laptops,573.2608254326386,332.9274117598036,SUP_1,317,2022-06-24
PROD_0768,Accessories Basic 109,Electronics,Accessories,566.7650253292509,403.04397348251786,SUP_46,49,2023-11-05
PROD_0769,Fitness Basic 275,Sports,Fitness,144.62054568008563,61.63009163687492,SUP_9,879,2023-07-26
PROD_0770,Kitchen Pro 611,Home & Garden,Kitchen,62.290478067751586,27.42972484741869,SUP_45,488,2022-07-05
PROD_0771,Action Figures Lite 760,Toys,Action Figures,554.2395305314596,259.2038518293134,,18,2022-10-28
PROD_0772,Accessories Standard 679,Electronics,Accessories,310.48057475400196,199.92166342655707,SUP_11,725,2022-04-10
PROD_0773,Action Figures Pro 640,Toys,Action Figures,407.2806325301982,236.35399896876834,SUP_32,196,2023-04-28
PROD_0774,Audio Pro 335,Electronics,Audio,661.289804513752,495.87832034643424,,890,2022-05-12
PROD_0775,Shoes Max 988,Clothing,Shoes,702.1544294014244,485.66747925862836,SUP_34,449,2022-09-22
PROD_0776,Accessories Basic 680,Electronics,Accessories,1046.270241266588,471.7345409398645,SUP_34,989,2023-07-27
PROD_0777,Water Sports Lite 377,Sports,Water Sports,839.2193962552485,-10.0,SUP_47,558,2022-07-07
PROD_0778,Tools Pro 176,Home & Garden,Tools,362.5099639370429,183.87226652587628,,678,2023-11-28
PROD_0779,Men Basic 387,Clothng,Men,501.1302452080938,211.94415582875808,SUP_11,451,2022-12-10
PROD_0780,Accessories Elite 677,Electronics,Accessories,546.9614675410713,279.311861422273,,-50,2023-11-02
PROD_0781,Action Figures Basic 133,Toys,Action Figures,753.4744742888171,416.96188363837155,,140,2022-04-02
PROD_0782,Kids Max 970,clothing,Kids,71.72601808287772,43.6692879339512,SUP_48,83,2022-08-16
PROD_0783,Women Standard 116,Clothng,Women,527.8941096420584,217.90547408359518,SUP_50,693,2022-12-30
PROD_0784,Accessories Max 701 é,,Accessories,66.00759106375945,50.48265509504166,SUP_18,390,2022-08-17
PROD_0785,Kids Max 870,Clothing,Kids,631.8994108941932,262.1822174210207,SUP_47,590,2022-11-11
PROD_0786,Action Figures Basic 940,Toys,Action Figures,1024.6776446068968,450.46140376305533,SUP_8,214,2023-03-07
PROD_0787,Shoes Lite 178 é,,Shoes,538.5528726482693,393.41761303632956,SUP_50,525,2022-12-06
PROD_0788,Action Figures Standard 266,Toys,Action Figures,235.31549319248006,121.64278459612389,SUP_2,214,2023-01-16
PROD_0789,Smartphones Elite 346,Electronics,Smartphones,-25.0,488.2355163034083,SUP_22,402,2022-09-24
PROD_0790,Kitchen Elite 954,Home & Garden,Kitchen,654.9128886408643,337.00169504274993,SUP_28,127,2023-08-23
PROD_0791,Shoes Lite 793,Clothing,Shoes,35.951109405734854,15.109572704727503,,821,2022-10-29
PROD_0792,Furniture Elite 439,Home & Garden,Furniture,327.86386716459594,135.15260749575756,SUP_34,476,2023-04-20
PROD_0793,Puzzles Lite 873,Toys,Puzzles,240.93766342627686,137.7495169607591,SUP_5,759,2022-05-01
PROD_0794,Kids Basic 243 é,clothing,Kids,74.2717992653878,43.934610080071366,SUP_17,403,2023-04-27
PROD_0795,Team Sports Basic 841,,Team Sports,1161.025808740833,480.3149938572052,SUP_46,28,2022-02-24
PROD_0796,Decor Pro 612,home & garden,Decor,507.67142372720406,244.34509434220263,SUP_37,791,2023-10-12
PROD_0797,Kids Basic 454,Clothng,Kids,606.4537530873255,448.94915271222214,SUP_41,337,2023-08-21
PROD_0798,Decor Pro 200,,Decor,210.69294424463203,167.8855966878679,SUP_5,830,2023-08-18
PROD_0799,Men Lite 337,Clothing,Men,138.0201132383384,71.36444951208529,,713,2023-09-28
PROD_0800,Laptops Pro 448,Electroniks,Laptops,584.0549676116846,242.42469385404482,SUP_30,360,2022-03-14
